RecordID,Season,Team,Conference,Overall Seed,Bid Type,NET Rank,PrevNET,AvgOppNETRank,AvgOppNET,WL,Conf.Record,Non-ConferenceRecord,RoadWL,NETSOS,NETNonConfSOS,Quadrant1,Quadrant2,Quadrant3,Quadrant4
2025-26-A&M-CorpusChristi,2025-26,A&M-Corpus Christi,Southland,,,191,191,196,196,14-15,14-10,0-5,7-9,144,2,0-4,1-4,0-4,13-3
2025-26-AbileneChristian,2025-26,Abilene Christian,WAC,,,248,248,153,178,11-19,6-14,5-5,3-12,140,110,0-2,0-5,3-8,8-4
2025-26-AirForce,2025-26,Air Force,Mountain West,,,350,350,84,127,3-29,0-21,3-8,0-12,97,321,0-7,0-9,0-8,3-5
2025-26-Akron,2025-26,Akron,MAC,,,53,54,228,207,26-5,19-1,7-4,9-3,245,236,0-2,0-2,10-1,16-0
2025-26-Alabama,2025-26,Alabama,SEC,,AL,17,14,3,69,23-9,13-6,10-3,7-3,4,5,7-7,9-2,5-0,2-0
2025-26-AlabamaA&M,2025-26,Alabama A&M,SWAC,,,310,306,355,272,15-15,11-9,4-6,4-8,347,190,0-2,0-1,0-2,15-10
2025-26-AlabamaSt.,2025-26,Alabama St.,SWAC,,,324,324,326,250,9-22,7-12,2-10,4-15,238,59,0-4,1-3,0-1,8-14
2025-26-Alcorn,2025-26,Alcorn,SWAC,,,349,349,296,239,9-23,8-12,1-11,2-18,189,19,0-4,0-3,0-4,9-12
2025-26-American,2025-26,American,Patriot,,,256,256,302,241,14-16,9-10,5-6,5-10,271,109,0-3,0-2,2-2,12-9
2025-26-AppState,2025-26,App State,Sun Belt,,,192,192,270,225,17-13,11-8,6-5,7-8,311,299,0-1,2-0,2-6,13-6
2025-26-Arizona,2025-26,Arizona,Big 12,,AL,3,3,14,87,31-2,18-2,13-0,9-1,12,40,15-2,8-0,1-0,7-0
2025-26-ArizonaSt.,2025-26,Arizona St.,Big 12,,,72,72,7,82,17-16,8-12,9-4,2-9,14,55,5-11,5-3,3-1,4-1
2025-26-Ark.-PineBluff,2025-26,Ark.-Pine Bluff,SWAC,,,316,316,295,238,11-19,10-9,1-10,6-14,153,8,0-6,1-1,0-3,10-9
2025-26-Arkansas,2025-26,Arkansas,SEC,,AL,16,17,11,84,24-8,14-5,10-3,5-5,19,29,7-8,7-0,4-0,6-0
2025-26-ArkansasSt.,2025-26,Arkansas St.,Sun Belt,,,154,154,230,208,18-12,11-8,7-4,9-7,247,150,0-2,0-2,10-1,8-7
2025-26-ArmyWestPoint,2025-26,Army West Point,Patriot,,,336,336,323,249,9-21,5-14,4-7,5-10,327,232,0-1,0-1,1-7,8-12
2025-26-Auburn,2025-26,Auburn,SEC,,AL,39,39,6,80,17-16,8-12,9-4,2-8,2,16,4-13,3-2,4-1,6-0
2025-26-AustinPeay,2025-26,Austin Peay,ASUN,,,164,163,306,243,20-9,16-4,4-5,9-7,317,172,0-1,0-3,2-3,18-2
2025-26-BallSt.,2025-26,Ball St.,MAC,,,299,299,257,218,10-19,7-11,3-8,4-11,257,331,0-2,0-3,0-8,10-6
2025-26-Baylor,2025-26,Baylor,Big 12,,,51,51,18,89,15-16,6-13,9-3,3-7,15,119,4-12,3-4,3-0,5-0
2025-26-Bellarmine,2025-26,Bellarmine,ASUN,,,286,285,263,222,11-19,8-12,3-7,2-13,242,101,0-2,0-3,0-5,11-9
2025-26-Belmont,2025-26,Belmont,MVC,,,63,63,138,170,25-6,16-5,9-1,11-3,197,342,1-0,5-2,10-3,9-1
2025-26-Bethune-Cookman,2025-26,Bethune-Cookman,SWAC,,AQ,261,261,306,243,16-15,14-5,2-10,7-11,138,3,0-8,0-0,1-0,15-7
2025-26-Binghamton,2025-26,Binghamton,America East,,,360,360,364,283,5-23,4-12,1-11,1-14,363,337,0-0,0-3,0-2,5-18
2025-26-BoiseSt.,2025-26,Boise St.,Mountain West,,,60,60,54,104,19-11,12-9,7-2,6-5,81,56,2-6,6-3,8-1,3-1
2025-26-BostonCollege,2025-26,Boston College,ACC,,,157,156,84,127,11-20,4-14,7-6,1-10,80,355,0-8,1-6,5-4,5-2
2025-26-BostonU.,2025-26,Boston U.,Patriot,,,264,264,342,258,16-17,12-9,4-8,6-12,355,333,0-1,0-0,2-6,14-10
2025-26-BowlingGreen,2025-26,Bowling Green,MAC,,,156,157,205,199,15-14,9-10,6-4,6-6,254,330,0-1,1-4,4-6,10-3
2025-26-Bradley,2025-26,Bradley,MVC,,,113,113,117,160,20-12,14-8,6-4,4-7,161,347,0-2,3-5,9-4,8-1
2025-26-Brown,2025-26,Brown,Ivy League,,,296,296,230,208,7-18,3-11,4-7,3-10,272,356,0-1,0-2,0-9,7-6
2025-26-Bryant,2025-26,Bryant,America East,,,354,354,323,249,7-22,5-12,2-10,1-17,285,133,0-3,0-0,0-8,7-11
2025-26-Bucknell,2025-26,Bucknell,Patriot,,,333,333,280,230,10-23,7-13,3-10,4-12,262,136,0-3,0-1,0-8,10-11
2025-26-Buffalo,2025-26,Buffalo,MAC,,,195,195,230,208,15-15,7-12,8-3,8-6,237,360,0-2,1-4,3-4,11-5
2025-26-Butler,2025-26,Butler,Big East,,,85,84,57,106,16-16,7-14,9-2,3-8,71,159,2-6,3-8,6-2,5-0
2025-26-BYU,2025-26,BYU,Big 12,,AL,23,23,9,83,23-11,11-10,12-1,3-6,13,49,7-10,8-1,3-0,5-0
2025-26-CalPoly,2025-26,Cal Poly,Big West,,,226,226,142,173,12-19,10-11,2-8,6-11,175,121,0-1,3-4,4-8,5-6
2025-26-CalSt.Fullerton,2025-26,Cal St. Fullerton,Big West,,,177,173,142,173,16-16,13-9,3-7,6-10,170,99,0-3,1-3,6-8,9-2
2025-26-California,2025-26,California,ACC,,,68,68,78,119,20-11,9-10,11-1,4-6,77,326,4-6,2-4,6-1,8-0
2025-26-CaliforniaBaptist,2025-26,California Baptist,WAC,,,100,101,215,201,24-8,14-5,10-3,7-7,222,271,0-1,1-4,6-3,17-0
2025-26-Campbell,2025-26,Campbell,CAA,,,199,200,133,168,14-18,10-11,4-7,3-13,114,36,0-4,2-3,3-8,9-3
2025-26-Canisius,2025-26,Canisius,MAAC,,,343,342,306,243,9-21,5-15,4-6,3-13,339,267,0-2,0-1,0-7,9-11
2025-26-CentralArk.,2025-26,Central Ark.,ASUN,,,166,165,280,230,20-12,17-4,3-8,6-10,198,33,0-4,0-0,3-3,17-5
2025-26-CentralConn.St.,2025-26,Central Conn. St.,NEC,,,289,289,361,276,16-12,12-7,4-5,8-8,361,304,0-1,1-0,1-3,14-8
2025-26-CentralMich.,2025-26,Central Mich.,MAC,,,279,280,196,196,8-21,6-12,2-9,1-15,151,143,0-4,0-3,3-6,5-8
2025-26-CharlestonSo.,2025-26,Charleston So.,Big South,,,242,242,289,235,12-17,6-11,6-6,5-11,301,327,0-2,0-3,3-3,9-9
2025-26-Charlotte,2025-26,Charlotte,American,,,170,176,138,170,16-16,11-9,5-7,4-8,141,244,0-4,0-5,5-5,11-2
2025-26-Chattanooga,2025-26,Chattanooga,SoCon,,,288,288,290,236,10-19,7-12,3-7,6-9,298,212,0-2,0-1,2-4,8-12
2025-26-ChicagoSt.,2025-26,Chicago St.,NEC,,,340,340,278,228,6-25,5-14,1-11,2-19,186,25,0-3,0-4,0-5,6-13
2025-26-Cincinnati,2025-26,Cincinnati,Big 12,,,48,49,52,103,18-15,10-10,8-5,2-8,47,177,3-11,5-3,3-0,7-1
2025-26-Clemson,2025-26,Clemson,ACC,,AL,34,34,57,106,24-10,14-7,10-3,6-5,56,81,6-6,7-4,4-0,7-0
2025-26-ClevelandSt.,2025-26,Cleveland St.,Horizon,,,317,317,196,196,8-22,7-15,1-7,3-13,249,152,0-2,1-2,1-10,6-8
2025-26-CoastalCarolina,2025-26,Coastal Carolina,Sun Belt,,,228,229,263,222,18-13,11-8,7-5,10-7,325,308,0-1,2-1,4-4,12-7
2025-26-Col.ofCharleston,2025-26,Col. of Charleston,CAA,,,163,162,177,188,20-11,14-5,6-6,8-4,219,249,0-1,2-3,5-6,13-1
2025-26-Colgate,2025-26,Colgate,Patriot,,,227,227,296,239,16-15,12-8,4-7,6-10,223,46,0-3,0-0,2-5,14-7
2025-26-Colorado,2025-26,Colorado,Big 12,,,76,76,28,93,17-15,7-12,10-3,2-8,66,264,1-10,5-4,7-1,4-0
2025-26-ColoradoSt.,2025-26,Colorado St.,Mountain West,,,87,87,94,138,20-12,12-10,8-2,6-5,92,268,3-5,3-5,5-1,9-1
2025-26-Columbia,2025-26,Columbia,Ivy League,,,185,186,228,207,14-12,5-9,9-3,7-7,210,283,0-3,0-1,4-5,10-3
2025-26-CoppinSt.,2025-26,Coppin St.,MEAC,,,363,363,312,246,6-24,5-9,1-15,4-15,251,166,0-3,0-3,0-5,6-13
2025-26-Cornell,2025-26,Cornell,Ivy League,,,144,143,205,199,13-12,8-6,5-6,8-8,177,197,0-2,1-2,2-6,10-2
2025-26-Creighton,2025-26,Creighton,Big East,,,82,82,34,94,15-17,9-12,6-5,4-8,53,44,2-7,3-7,5-3,5-0
2025-26-CSUBakersfield,2025-26,CSU Bakersfield,Big West,,,330,330,153,178,6-24,2-18,4-6,2-13,196,184,0-2,0-4,3-10,3-8
2025-26-CSUN,2025-26,CSUN,Big West,,,187,181,160,182,18-14,13-9,5-5,7-8,221,243,0-2,1-3,8-5,9-4
2025-26-Dartmouth,2025-26,Dartmouth,Ivy League,,,263,263,193,195,9-16,5-9,4-7,6-8,184,242,0-2,0-3,4-4,5-7
2025-26-Davidson,2025-26,Davidson,Atlantic 10,,,116,107,110,154,18-13,11-9,7-4,7-4,111,126,0-5,3-2,6-5,9-1
2025-26-Dayton,2025-26,Dayton,Atlantic 10,,,73,73,98,143,22-10,13-6,9-4,6-5,98,108,1-5,6-2,7-2,8-1
2025-26-Delaware,2025-26,Delaware,CUSA,,,287,287,191,194,10-20,6-14,4-6,4-10,239,297,0-1,1-2,4-7,5-10
2025-26-DelawareSt.,2025-26,Delaware St.,MEAC,,,362,362,357,273,5-22,3-13,2-9,2-14,336,207,0-1,0-3,0-4,5-14
2025-26-Denver,2025-26,Denver,Summit League,,,241,240,202,198,12-17,8-9,4-8,6-11,149,57,0-3,3-3,2-3,7-8
2025-26-DePaul,2025-26,DePaul,Big East,,,101,102,80,122,16-16,8-13,8-3,4-7,79,332,1-5,4-8,5-2,6-1
2025-26-DetroitMercy,2025-26,Detroit Mercy,Horizon,,,221,221,205,199,15-15,14-9,1-6,7-9,233,63,0-1,1-4,3-6,11-4
2025-26-Drake,2025-26,Drake,MVC,,,198,199,101,147,12-20,8-15,4-5,4-7,135,336,0-2,2-7,5-10,5-1
2025-26-Drexel,2025-26,Drexel,CAA,,,212,212,236,210,16-16,11-9,5-7,4-9,302,359,0-0,0-4,4-8,12-4
2025-26-Duke,2025-26,Duke,ACC,,AL,1,1,12,86,31-2,19-1,12-1,10-1,10,9,16-2,6-0,2-0,7-0
2025-26-Duquesne,2025-26,Duquesne,Atlantic 10,,,132,132,107,153,16-15,10-10,6-5,5-7,105,246,0-7,2-3,5-4,9-1
2025-26-EastCarolina,2025-26,East Carolina,American,,,267,267,140,171,10-20,6-12,4-8,4-8,128,187,0-3,1-4,2-6,7-7
2025-26-EastTexasA&M,2025-26,East Texas A&M,Southland,,,303,303,205,199,9-21,6-16,3-5,4-13,152,42,0-4,0-4,1-3,8-10
2025-26-EasternIll.,2025-26,Eastern Ill.,OVC,,,320,320,280,230,10-20,9-13,1-7,3-13,212,13,0-3,0-1,0-5,10-11
2025-26-EasternKy.,2025-26,Eastern Ky.,ASUN,,,291,291,252,216,9-21,7-12,2-9,3-13,259,135,0-1,0-3,1-7,8-10
2025-26-EasternMich.,2025-26,Eastern Mich.,MAC,,,237,237,177,188,9-21,4-14,5-7,3-14,145,141,1-2,0-6,1-7,7-6
2025-26-EasternWash.,2025-26,Eastern Wash.,Big Sky,,,204,204,149,176,13-19,12-8,1-11,5-13,156,74,0-2,1-3,4-12,8-2
2025-26-Elon,2025-26,Elon,CAA,,,223,223,182,191,12-18,6-13,6-5,6-9,213,252,0-2,2-1,2-7,8-8
2025-26-ETSU,2025-26,ETSU,SoCon,,AQ,140,138,300,240,21-11,15-6,6-5,8-6,334,276,0-2,0-0,2-4,19-5
2025-26-Evansville,2025-26,Evansville,MVC,,,306,305,84,127,5-25,3-18,2-7,1-12,104,117,0-3,0-10,4-9,1-3
2025-26-Fairfield,2025-26,Fairfield,MAAC,,,240,241,341,257,20-13,13-10,7-3,7-8,358,341,0-1,0-0,2-6,18-6
2025-26-FDU,2025-26,FDU,NEC,,,334,334,338,256,8-21,8-11,0-10,3-15,274,69,0-2,0-2,0-4,8-13
2025-26-FGCU,2025-26,FGCU,ASUN,,,247,247,271,226,14-18,10-11,4-7,3-11,280,132,0-3,0-0,2-6,12-9
2025-26-FIU,2025-26,FIU,CUSA,,,196,196,156,180,12-17,8-13,4-4,3-10,180,91,0-2,0-3,4-6,8-6
2025-26-Fla.Atlantic,2025-26,Fla. Atlantic,American,,,123,123,112,157,16-15,10-10,6-5,4-8,117,167,0-2,1-7,8-4,7-2
2025-26-Florida,2025-26,Florida,SEC,,AL,4,4,7,82,26-6,17-2,9-4,8-2,8,22,12-5,6-1,3-0,5-0
2025-26-FloridaA&M,2025-26,Florida A&M,SWAC,,,313,311,346,262,13-16,12-8,1-8,5-11,286,39,0-4,0-0,0-2,13-10
2025-26-FloridaSt.,2025-26,Florida St.,ACC,,,62,62,68,110,18-15,11-9,7-6,6-5,36,98,3-9,6-5,2-1,7-0
2025-26-Fordham,2025-26,Fordham,Atlantic 10,,,174,175,171,186,14-15,8-11,6-4,4-6,164,365,0-3,2-3,4-4,8-5
2025-26-FresnoSt.,2025-26,Fresno St.,Mountain West,,,153,153,94,138,12-19,7-14,5-5,2-10,91,277,0-7,0-8,5-2,7-2
2025-26-Furman(AQ),2025-26,Furman(AQ),SoCon,,,186,187,266,223,19-12,13-8,6-4,7-5,332,289,0-1,0-2,5-5,14-4
2025-26-Ga.Southern,2025-26,Ga. Southern,Sun Belt,,,220,220,271,226,19-16,13-11,6-5,7-8,346,350,0-1,0-0,5-7,14-8
2025-26-Gardner-Webb,2025-26,Gardner-Webb,Big South,,,361,361,181,190,2-28,2-16,0-12,0-16,148,90,0-3,0-6,0-6,2-13
2025-26-GeorgeMason,2025-26,George Mason,Atlantic 10,,,92,92,117,160,22-9,11-8,11-1,4-6,154,348,1-2,1-3,11-4,9-0
2025-26-GeorgeWashington,2025-26,George Washington,Atlantic 10,,,91,91,111,156,17-15,9-11,8-4,3-7,109,206,1-5,0-5,7-2,9-3
2025-26-Georgetown,2025-26,Georgetown,Big East,,,90,89,56,105,16-18,8-15,8-3,4-8,65,147,1-9,4-6,5-3,6-0
2025-26-Georgia,2025-26,Georgia,SEC,,AL,33,32,71,113,22-10,10-9,12-1,6-4,64,286,6-7,6-2,1-1,9-0
2025-26-GeorgiaSt.,2025-26,Georgia St.,Sun Belt,,,307,307,240,211,8-22,7-12,1-10,3-12,299,263,0-2,0-0,3-10,5-10
2025-26-GeorgiaTech,2025-26,Georgia Tech,ACC,,,169,169,88,128,11-20,2-16,9-4,1-9,76,340,1-10,0-5,1-5,9-0
2025-26-Gonzaga(AQ),2025-26,Gonzaga(AQ),WCC,,AL,6,6,92,135,30-3,18-2,12-1,8-2,85,31,7-2,4-0,11-1,8-0
2025-26-Grambling,2025-26,Grambling,SWAC,,,304,304,353,270,12-19,8-12,4-7,4-13,326,138,0-2,0-1,1-3,11-13
2025-26-GrandCanyon,2025-26,Grand Canyon,Mountain West,,,69,70,103,148,20-12,13-8,7-4,6-5,90,228,3-5,3-4,4-2,10-1
2025-26-GreenBay,2025-26,Green Bay,Horizon,,,218,218,200,197,16-15,13-9,3-6,6-9,232,93,0-1,0-4,5-7,11-3
2025-26-Hampton,2025-26,Hampton,CAA,,,270,270,240,211,11-19,7-12,4-7,2-12,260,328,0-1,0-3,2-8,9-7
2025-26-Harvard,2025-26,Harvard,Ivy League,,,151,151,243,212,16-11,10-4,6-7,9-6,231,310,1-1,0-1,5-6,10-3
2025-26-Hawaii,2025-26,Hawaii,Big West,,,105,110,236,210,21-8,15-6,6-2,6-5,321,357,0-0,0-4,7-2,14-2
2025-26-HighPoint(AQ),2025-26,High Point(AQ),Big South,,AQ,75,74,312,246,27-4,18-1,9-3,7-2,362,361,0-0,0-2,5-2,22-0
2025-26-Hofstra(AQ),2025-26,Hofstra(AQ),CAA,,AQ,88,88,179,189,22-10,15-6,7-4,9-8,229,210,0-1,2-2,10-4,10-3
2025-26-HolyCross,2025-26,Holy Cross,Patriot,,,331,331,323,249,9-22,6-14,3-8,4-14,330,230,0-1,0-2,1-4,8-15
2025-26-Houston,2025-26,Houston,Big 12,,AL,5,8,18,89,28-5,16-4,12-1,6-3,26,116,10-5,9-0,3-0,6-0
2025-26-HoustonChristian,2025-26,Houston Christian,Southland,,,293,294,249,214,10-20,8-15,2-5,3-13,225,170,0-2,0-4,1-5,9-9
2025-26-Howard,2025-26,Howard,MEAC,,AQ,201,202,363,282,18-10,12-3,6-7,7-6,320,193,0-2,1-2,1-0,16-6
2025-26-IdahoSt.,2025-26,Idaho St.,Big Sky,,,236,235,171,186,10-20,6-14,4-6,3-12,199,124,0-2,0-3,4-10,6-5
2025-26-Idaho(AQ),2025-26,Idaho(AQ),Big Sky,,,145,146,210,200,18-14,13-9,5-5,7-9,293,303,0-0,0-3,9-8,9-3
2025-26-Illinois,2025-26,Illinois,Big Ten,,AL,8,5,14,87,24-8,15-6,9-2,8-2,17,41,7-8,5-0,7-0,5-0
2025-26-IllinoisSt.,2025-26,Illinois St.,MVC,,,94,95,115,159,19-12,12-9,7-3,5-7,139,300,1-2,4-4,7-5,7-1
2025-26-Indiana,2025-26,Indiana,Big Ten,,,41,41,47,101,18-14,9-12,9-2,3-8,31,218,3-10,3-4,5-0,7-0
2025-26-IndianaSt.,2025-26,Indiana St.,MVC,,,211,211,124,164,9-21,4-17,5-4,3-12,119,272,0-3,1-6,2-9,6-3
2025-26-Iona,2025-26,Iona,MAAC,,,238,238,316,247,18-14,10-11,8-3,6-8,337,258,0-1,0-1,3-4,15-8
2025-26-Iowa,2025-26,Iowa,Big Ten,,AL,26,25,63,108,21-12,11-11,10-1,3-8,39,257,4-9,5-1,6-2,6-0
2025-26-IowaSt.,2025-26,Iowa St.,Big 12,,AL,7,7,54,104,27-7,14-7,13-0,5-5,28,137,8-7,10-0,2-0,7-0
2025-26-IUIndy,2025-26,IU Indy,Horizon,,,319,319,243,212,5-25,3-18,2-7,2-15,266,178,0-2,0-2,3-6,2-15
2025-26-JacksonSt.,2025-26,Jackson St.,SWAC,,,347,348,296,239,12-21,11-9,1-12,4-15,132,4,0-7,0-0,0-3,12-11
2025-26-Jacksonville,2025-26,Jacksonville,ASUN,,,297,297,267,224,10-20,7-12,3-8,3-14,215,75,0-4,0-1,0-6,10-9
2025-26-JacksonvilleSt.,2025-26,Jacksonville St.,CUSA,,,216,216,196,196,12-17,10-11,2-6,5-8,294,349,0-0,0-2,4-9,8-6
2025-26-JamesMadison,2025-26,James Madison,Sun Belt,,,209,209,252,216,17-15,10-10,7-5,5-10,267,208,0-2,1-1,5-5,11-7
2025-26-Kansas,2025-26,Kansas,Big 12,,AL,21,18,2,66,23-10,13-7,10-3,5-6,1,17,9-9,7-1,4-0,3-0
2025-26-KansasCity,2025-26,Kansas City,Summit League,,,358,358,205,199,1-27,1-16,0-11,1-15,178,86,0-4,0-3,0-5,1-15
2025-26-KansasSt.,2025-26,Kansas St.,Big 12,,,99,99,28,93,12-20,3-16,9-4,1-10,24,129,0-14,5-5,2-1,5-0
2025-26-KennesawSt.,2025-26,Kennesaw St.,CUSA,,,161,166,193,195,17-13,12-10,5-3,4-8,240,274,0-1,0-3,6-5,11-4
2025-26-KentSt.,2025-26,Kent St.,MAC,,,141,140,187,193,22-9,15-5,7-4,7-5,211,293,0-2,1-3,9-3,12-1
2025-26-Kentucky,2025-26,Kentucky,SEC,,AL,28,26,17,88,21-13,12-9,9-4,4-6,5,34,5-11,7-2,3-0,6-0
2025-26-LaSalle,2025-26,La Salle,Atlantic 10,,,245,245,91,132,8-23,5-14,3-9,1-13,100,107,0-4,1-7,3-11,4-1
2025-26-Lafayette,2025-26,Lafayette,Patriot,,,323,323,306,243,10-21,8-11,2-10,5-11,323,235,0-2,0-1,1-6,9-12
2025-26-LamarUniversity,2025-26,Lamar University,Southland,,,250,250,246,213,10-19,7-15,3-4,5-10,217,165,0-3,0-3,1-5,9-8
2025-26-LeMoyne,2025-26,Le Moyne,NEC,,,290,290,353,270,14-17,10-9,4-8,5-12,351,282,0-1,0-1,1-5,13-10
2025-26-Lehigh(AQ),2025-26,Lehigh(AQ),Patriot,,AQ,276,276,316,247,16-16,14-7,2-9,4-11,319,181,0-2,0-1,1-5,15-8
2025-26-Liberty,2025-26,Liberty,CUSA,,AQ,106,106,171,186,22-7,17-4,5-3,10-2,236,171,1-1,1-0,8-4,12-2
2025-26-Lindenwood,2025-26,Lindenwood,OVC,,,262,262,331,254,15-15,12-10,3-5,7-9,288,58,0-3,0-0,1-3,14-9
2025-26-Lipscomb,2025-26,Lipscomb,ASUN,,,193,193,280,230,17-13,12-7,5-6,6-11,208,53,0-4,0-0,2-4,15-5
2025-26-LittleRock,2025-26,Little Rock,OVC,,,309,309,300,240,10-20,9-12,1-8,5-13,328,174,0-1,0-3,0-6,10-10
2025-26-LIU(AQ),2025-26,LIU(AQ),NEC,,AQ,197,198,348,263,24-10,18-3,6-7,10-9,318,157,0-2,0-2,1-3,23-3
2025-26-LMU(CA),2025-26,LMU (CA),WCC,,,179,179,130,166,14-17,6-13,8-4,4-7,125,335,0-4,1-3,6-5,7-5
2025-26-LongBeachSt.,2025-26,Long Beach St.,Big West,,,257,257,145,174,8-22,6-14,2-8,3-13,171,120,0-2,1-3,1-12,6-5
2025-26-Longwood,2025-26,Longwood,Big South,,,266,266,311,244,13-16,8-9,5-7,4-10,329,345,0-2,0-3,1-3,12-8
2025-26-Louisiana,2025-26,Louisiana,Sun Belt,,,312,313,250,215,11-22,8-12,3-10,3-13,270,234,0-3,0-1,2-9,9-9
2025-26-LouisianaTech,2025-26,Louisiana Tech,CUSA,,,205,207,219,202,17-13,13-9,4-4,4-10,289,339,0-1,1-1,3-9,13-2
2025-26-Louisville,2025-26,Louisville,ACC,,AL,15,16,38,96,23-10,12-8,11-2,4-7,25,65,7-10,5-0,4-0,7-0
2025-26-LoyolaChicago,2025-26,Loyola Chicago,Atlantic 10,,,280,279,101,147,9-24,5-15,4-9,1-9,110,296,1-4,0-6,3-10,5-4
2025-26-LoyolaMaryland,2025-26,Loyola Maryland,Patriot,,,328,328,344,259,10-20,8-11,2-9,3-13,343,298,0-1,0-2,0-6,10-11
2025-26-LSU,2025-26,LSU,SEC,,,77,77,60,107,15-17,3-16,12-1,3-7,55,290,1-12,3-3,3-2,8-0
2025-26-Maine,2025-26,Maine,America East,,,339,339,349,265,7-24,6-11,1-13,4-14,353,314,0-1,0-2,0-7,7-14
2025-26-Manhattan,2025-26,Manhattan,MAAC,,,329,329,303,242,11-20,8-13,3-7,3-12,333,250,0-1,0-2,1-7,10-10
2025-26-Marist,2025-26,Marist,MAAC,,,181,183,327,251,18-12,13-9,5-3,7-7,364,353,0-0,0-1,0-8,18-3
2025-26-Marquette,2025-26,Marquette,Big East,,,95,94,38,96,12-20,7-14,5-6,2-10,67,72,1-9,2-8,5-3,4-0
2025-26-Marshall,2025-26,Marshall,Sun Belt,,,172,171,224,205,18-13,11-8,7-5,6-8,282,233,0-1,1-3,6-4,11-5
2025-26-Maryland,2025-26,Maryland,Big Ten,,,138,136,24,92,12-21,5-17,7-4,2-10,9,66,1-15,3-3,3-3,5-0
2025-26-Massachusetts,2025-26,Massachusetts,MAC,,,200,197,202,198,16-16,8-12,8-4,2-8,256,352,0-2,2-1,5-8,9-5
2025-26-McNeese(AQ),2025-26,McNeese(AQ),Southland,,,56,56,219,202,26-5,21-3,5-2,9-5,201,27,0-2,2-2,8-0,16-1
2025-26-Memphis,2025-26,Memphis,American,,,135,134,89,130,13-19,8-11,5-8,3-10,87,20,0-6,2-6,5-4,6-3
2025-26-Mercer,2025-26,Mercer,SoCon,,,183,182,260,221,16-13,11-8,5-5,5-11,234,79,0-3,0-1,2-5,14-4
2025-26-Mercyhurst,2025-26,Mercyhurst,NEC,,,278,275,351,269,15-17,12-9,3-8,5-14,322,160,0-3,0-2,0-3,15-9
2025-26-Merrimack,2025-26,Merrimack,MAAC,,AQ,180,180,287,233,23-11,19-4,4-7,9-8,291,148,0-2,0-1,4-6,19-2
2025-26-Miami(FL),2025-26,Miami (FL),ACC,,AL,32,30,82,124,25-8,14-6,11-2,8-2,72,216,6-6,6-2,3-0,10-0
2025-26-Miami(OH),2025-26,Miami (OH),MAC,,AQ,64,64,278,228,28-1,18-1,10-0,14-0,340,363,0-0,3-0,10-1,15-0
2025-26-Michigan,2025-26,Michigan,Big Ten,,AL,2,2,1,65,30-2,20-1,10-1,11-0,3,6,15-2,6-0,6-0,3-0
2025-26-MichiganSt.,2025-26,Michigan St.,Big Ten,,AL,11,11,9,83,25-7,15-6,10-1,6-4,16,60,9-6,5-1,7-0,4-0
2025-26-MiddleTenn.,2025-26,Middle Tenn.,CUSA,,,162,161,130,166,14-15,11-10,3-5,5-8,136,15,0-2,0-4,7-5,7-4
2025-26-Milwaukee,2025-26,Milwaukee,Horizon,,,254,254,193,195,11-20,8-13,3-7,3-14,160,26,0-4,0-2,2-7,9-7
2025-26-Minnesota,2025-26,Minnesota,Big Ten,,,79,79,69,112,15-17,8-13,7-4,2-9,52,278,3-11,4-1,1-5,7-0
2025-26-MississippiSt.,2025-26,Mississippi St.,SEC,,,114,114,24,92,13-19,5-14,8-5,4-6,32,179,1-12,4-5,3-2,5-0
2025-26-MississippiVal.,2025-26,Mississippi Val.,SWAC,,,365,365,330,252,2-30,2-17,0-13,1-18,255,84,0-4,0-4,0-1,2-21
2025-26-Missouri,2025-26,Missouri,SEC,,AL,58,58,77,116,20-12,10-9,10-3,5-7,40,214,5-7,4-5,3-0,8-0
2025-26-MissouriSt.,2025-26,Missouri St.,CUSA,,,206,205,160,182,13-18,10-13,3-5,3-10,241,256,0-1,0-3,5-8,8-6
2025-26-Monmouth,2025-26,Monmouth,CAA,,,168,168,210,200,18-15,13-8,5-7,6-9,258,320,0-1,0-4,8-4,10-6
2025-26-Montana,2025-26,Montana,Big Sky,,,194,194,151,177,15-15,12-9,3-6,5-9,179,70,0-3,1-1,7-7,7-4
2025-26-MontanaSt.,2025-26,Montana St.,Big Sky,,,128,128,171,186,15-14,12-7,3-7,6-11,185,85,0-3,0-1,8-6,7-4
2025-26-MoreheadSt.,2025-26,Morehead St.,OVC,,,265,265,303,242,17-13,16-6,1-7,7-10,273,47,0-3,0-1,1-4,16-5
2025-26-MorganSt.,2025-26,Morgan St.,MEAC,,,352,352,355,272,11-16,10-5,1-11,5-9,349,291,0-1,0-3,1-1,10-11
2025-26-MountSt.Mary's,2025-26,Mount St. Mary's,MAAC,,,281,281,303,242,14-17,11-10,3-7,7-11,290,139,0-3,0-0,2-7,12-7
2025-26-MurraySt.,2025-26,Murray St.,MVC,,,104,105,117,160,20-12,12-9,8-3,5-6,120,225,0-3,4-5,6-4,10-0
2025-26-N.C.A&T,2025-26,N.C. A&T,CAA,,,277,277,236,210,9-19,4-15,5-4,4-11,292,344,0-0,0-4,3-8,6-7
2025-26-N.C.Central,2025-26,N.C. Central,MEAC,,,344,344,332,255,10-17,10-6,0-11,4-12,173,23,0-5,0-0,0-4,10-8
2025-26-Navy,2025-26,Navy,Patriot,,,137,135,362,277,24-7,18-2,6-5,10-4,356,292,0-1,0-2,1-1,23-3
2025-26-NCState,2025-26,NC State,ACC,,AL,36,35,21,90,20-13,11-9,9-4,6-4,35,82,5-8,6-4,5-0,4-1
2025-26-Nebraska,2025-26,Nebraska,Big Ten,,AL,13,12,50,102,26-6,15-6,11-0,7-3,33,306,9-6,6-0,5-0,6-0
2025-26-Nevada,2025-26,Nevada,Mountain West,,,70,69,83,125,22-12,14-9,8-3,4-8,88,213,1-6,5-4,11-0,5-2
2025-26-NewHampshire,2025-26,New Hampshire,America East,,,348,347,316,247,7-21,5-12,2-9,1-16,209,48,0-3,0-2,0-5,7-11
2025-26-NewHaven,2025-26,New Haven,NEC,,,325,325,338,256,11-17,9-9,2-8,5-11,276,73,0-3,0-0,0-4,11-10
2025-26-NewMexico,2025-26,New Mexico,Mountain West,,,46,45,94,138,22-10,14-8,8-2,7-5,86,149,2-7,6-1,5-2,9-0
2025-26-NewMexicoSt.,2025-26,New Mexico St.,CUSA,,,189,189,167,184,13-16,9-13,4-3,3-8,252,239,0-1,1-1,5-8,7-6
2025-26-NewOrleans,2025-26,New Orleans,Southland,,,215,215,187,193,15-18,13-11,2-7,9-11,122,12,1-3,2-4,1-5,11-6
2025-26-Niagara,2025-26,Niagara,MAAC,,,341,341,316,247,7-22,5-15,2-7,2-14,308,169,0-2,0-1,0-5,7-14
2025-26-Nicholls,2025-26,Nicholls,Southland,,,251,251,200,197,13-19,13-11,0-8,7-12,167,45,0-3,1-5,2-5,10-6
2025-26-NIU,2025-26,NIU,MAC,,,335,335,191,194,7-21,4-14,3-7,3-14,157,128,0-5,0-2,1-8,6-6
2025-26-NJIT,2025-26,NJIT,America East,,,327,327,332,255,15-17,11-7,4-10,8-11,287,162,0-3,0-1,2-6,13-7
2025-26-NorfolkSt.,2025-26,Norfolk St.,MEAC,,,318,318,351,269,11-17,8-7,3-10,5-10,304,185,0-2,0-1,0-5,11-9
2025-26-NorthAla.,2025-26,North Ala.,ASUN,,,338,338,287,233,7-21,4-15,3-6,4-12,306,215,0-1,1-1,1-6,5-13
2025-26-NorthCarolina,2025-26,North Carolina,ACC,,AL,24,24,28,93,24-8,12-7,12-1,4-6,34,95,6-8,5-0,8-0,5-0
2025-26-NorthDakota,2025-26,North Dakota,Summit League,,,271,271,227,206,15-17,12-7,3-10,7-8,202,158,0-2,1-3,2-5,12-7
2025-26-NorthDakotaSt.(AQ),2025-26,North Dakota St.(AQ),Summit League,,AQ,115,115,291,237,24-7,17-2,7-5,10-5,350,334,0-0,0-1,5-4,19-2
2025-26-NorthFlorida,2025-26,North Florida,ASUN,,,337,337,243,212,5-25,5-14,0-11,2-14,143,21,0-5,0-0,0-4,5-16
2025-26-NorthTexas,2025-26,North Texas,American,,,136,137,135,169,17-14,10-10,7-4,5-7,115,180,0-4,2-4,6-3,9-3
2025-26-Northeastern,2025-26,Northeastern,CAA,,,285,286,182,191,7-24,3-17,4-7,3-13,246,288,0-1,0-3,3-10,4-10
2025-26-NorthernAriz.,2025-26,Northern Ariz.,Big Sky,,,315,315,176,187,7-22,4-15,3-7,1-13,216,186,0-2,0-2,2-11,5-7
2025-26-NorthernColo.,2025-26,Northern Colo.,Big Sky,,,149,149,222,203,17-12,10-9,7-3,8-7,250,222,0-1,1-1,7-6,9-4
2025-26-NorthernKy.,2025-26,Northern Ky.,Horizon,,,184,185,252,216,17-14,12-11,5-3,7-8,303,280,0-1,0-1,2-8,15-4
2025-26-Northwestern,2025-26,Northwestern,Big Ten,,,65,65,28,93,15-19,7-16,8-3,3-8,22,211,2-13,2-5,6-1,5-0
2025-26-NorthwesternSt.,2025-26,Northwestern St.,Southland,,,300,300,210,200,8-22,8-15,0-7,2-15,188,62,0-4,0-4,1-4,7-10
2025-26-NotreDame,2025-26,Notre Dame,ACC,,,93,93,52,103,13-18,4-14,9-4,2-9,49,71,2-10,2-6,3-1,6-1
2025-26-Oakland,2025-26,Oakland,Horizon,,,175,177,166,183,15-16,12-9,3-7,8-9,112,1,0-6,0-1,7-3,8-6
2025-26-Ohio,2025-26,Ohio,MAC,,,231,231,160,182,13-17,9-10,4-7,4-8,163,142,0-3,0-4,4-7,9-3
2025-26-OhioSt.,2025-26,Ohio St.,Big Ten,,AL,30,31,28,93,21-12,13-9,8-3,5-6,18,161,4-11,5-1,6-0,6-0
2025-26-Oklahoma,2025-26,Oklahoma,SEC,,,47,47,66,109,19-15,9-12,10-3,4-7,29,127,4-10,6-5,2-0,7-0
2025-26-OklahomaSt.,2025-26,Oklahoma St.,Big 12,,,74,75,37,95,19-14,7-13,12-1,2-7,41,251,2-11,8-3,2-0,7-0
2025-26-OldDominion,2025-26,Old Dominion,Sun Belt,,,255,255,224,205,11-21,8-12,3-9,4-14,214,104,0-2,0-4,3-9,8-6
2025-26-OleMiss,2025-26,Ole Miss,SEC,,,83,86,43,98,15-19,7-14,8-5,3-7,21,146,5-13,2-2,1-4,7-0
2025-26-Omaha,2025-26,Omaha,Summit League,,,258,258,230,208,12-17,9-9,3-8,5-10,261,229,0-0,0-5,2-6,10-6
2025-26-OralRoberts,2025-26,Oral Roberts,Summit League,,,311,312,186,192,7-23,5-13,2-10,1-13,194,114,0-3,0-4,2-7,5-9
2025-26-Oregon,2025-26,Oregon,Big Ten,,,109,109,12,86,12-20,5-16,7-4,2-8,30,130,1-14,2-3,3-3,6-0
2025-26-OregonSt.,2025-26,Oregon St.,WCC,,,171,170,97,142,17-16,10-10,7-6,4-7,107,318,1-4,1-4,10-6,5-2
2025-26-Pacific,2025-26,Pacific,WCC,,,117,116,123,163,16-15,9-11,7-4,4-11,103,176,0-7,0-3,4-5,12-0
2025-26-Penn,2025-26,Penn,Ivy League,,,150,150,170,185,15-11,9-5,6-6,4-8,190,231,0-2,0-4,5-3,10-2
2025-26-PennSt.,2025-26,Penn St.,Big Ten,,,139,139,63,108,12-20,3-18,9-2,2-9,58,358,2-11,0-5,3-4,7-0
2025-26-Pepperdine,2025-26,Pepperdine,WCC,,,274,274,107,153,7-23,4-15,3-8,2-11,101,313,0-6,0-2,2-10,5-5
2025-26-Pittsburgh,2025-26,Pittsburgh,ACC,,,103,104,43,98,13-20,6-14,7-6,3-8,54,131,2-10,3-6,3-3,5-1
2025-26-Portland,2025-26,Portland,WCC,,,222,222,99,144,13-19,8-13,5-6,1-12,102,260,1-4,0-6,5-7,7-2
2025-26-PortlandSt.,2025-26,Portland St.,Big Sky,,AQ,147,147,215,201,17-11,14-6,3-5,8-7,263,200,0-1,0-3,8-4,9-3
2025-26-PrairieView,2025-26,Prairie View,SWAC,,,305,310,350,266,13-17,12-9,1-8,3-13,297,50,0-3,0-2,0-1,13-11
2025-26-Presbyterian,2025-26,Presbyterian,Big South,,,260,260,260,221,12-18,8-10,4-8,3-13,264,261,0-3,0-3,2-3,10-9
2025-26-Princeton,2025-26,Princeton,Ivy League,,,249,249,160,182,8-20,5-9,3-11,1-12,174,238,0-3,1-0,2-11,5-6
2025-26-Providence,2025-26,Providence,Big East,,,80,80,50,102,15-18,8-14,7-4,3-8,68,112,1-8,3-8,7-2,4-0
2025-26-Purdue,2025-26,Purdue,Big Ten,,AL,9,10,5,75,25-8,15-7,10-1,8-3,7,32,9-8,6-0,7-0,3-0
2025-26-PurdueFortWayne,2025-26,Purdue Fort Wayne,Horizon,,,253,253,210,200,14-15,11-10,3-5,6-11,195,38,0-3,1-2,4-5,9-5
2025-26-Queens(NC)(AQ),2025-26,Queens (NC)(AQ),ASUN,,AQ,190,190,274,227,20-13,16-5,4-8,6-10,191,30,0-5,0-1,2-3,18-4
2025-26-Quinnipiac,2025-26,Quinnipiac,MAAC,,,213,213,291,237,18-13,12-9,6-4,9-7,278,103,0-2,1-2,4-3,13-6
2025-26-Radford,2025-26,Radford,Big South,,,252,252,267,224,13-16,9-8,4-8,4-8,235,204,0-3,0-4,0-4,13-5
2025-26-RhodeIsland,2025-26,Rhode Island,Atlantic 10,,,152,152,132,167,16-16,7-12,9-4,4-7,126,281,3-1,1-6,4-5,8-4
2025-26-Rice,2025-26,Rice,American,,,244,244,149,176,11-18,7-11,4-7,4-9,155,284,0-2,1-4,4-6,6-6
2025-26-Richmond,2025-26,Richmond,Atlantic 10,,,165,164,135,169,14-17,5-14,9-3,3-8,146,351,1-2,0-5,7-7,6-3
2025-26-Rider,2025-26,Rider,MAAC,,,357,357,260,221,3-25,3-17,0-8,0-16,176,14,0-4,0-1,0-7,3-13
2025-26-RobertMorris,2025-26,Robert Morris,Horizon,,,148,148,256,217,20-11,14-8,6-3,8-7,312,255,0-1,1-0,8-3,11-7
2025-26-Rutgers,2025-26,Rutgers,Big Ten,,,133,133,63,108,14-19,7-15,7-4,2-9,45,254,0-13,2-5,7-0,5-1
2025-26-SacramentoSt.,2025-26,Sacramento St.,Big Sky,,,269,269,135,169,7-21,6-13,1-8,0-16,147,51,0-3,0-3,2-13,5-2
2025-26-SacredHeart,2025-26,Sacred Heart,MAAC,,,294,293,312,246,13-19,10-12,3-7,5-13,338,275,0-1,0-1,2-7,11-10
2025-26-SaintFrancis,2025-26,Saint Francis,NEC,,,353,353,291,237,5-24,5-13,0-11,2-14,224,52,0-3,0-2,0-4,5-15
2025-26-SaintJoseph's,2025-26,Saint Joseph's,Atlantic 10,,,119,122,133,168,20-10,14-5,6-5,6-7,127,294,0-3,2-3,9-2,9-2
2025-26-SaintLouis,2025-26,Saint Louis,Atlantic 10,,AQ,29,29,129,165,27-4,16-3,11-1,7-3,142,316,2-1,6-2,6-1,13-0
2025-26-SaintMary's(CA),2025-26,Saint Mary's (CA),WCC,,AL,22,22,89,130,26-5,16-3,10-2,8-2,93,125,1-4,8-1,10-0,7-0
2025-26-SaintPeter's,2025-26,Saint Peter's,MAAC,,,233,233,306,243,16-12,14-7,2-5,4-10,309,134,0-2,0-1,3-3,13-6
2025-26-SamHouston,2025-26,Sam Houston,CUSA,,,107,100,156,180,19-11,14-8,5-3,6-9,206,106,0-2,0-2,9-6,10-1
2025-26-Samford,2025-26,Samford,SoCon,,,217,217,274,227,16-14,11-8,5-6,6-9,279,173,0-2,0-1,4-6,12-5
2025-26-SanDiego,2025-26,San Diego,WCC,,,234,234,117,160,10-21,6-14,4-7,2-11,113,311,0-4,1-5,4-6,5-6
2025-26-SanDiegoSt.,2025-26,San Diego St.,Mountain West,,,45,46,69,112,21-10,16-6,5-4,5-5,78,43,3-6,6-3,6-1,6-0
2025-26-SanFrancisco,2025-26,San Francisco,WCC,,,120,119,103,148,16-16,9-11,7-5,4-7,94,191,0-6,3-4,6-3,7-3
2025-26-SanJoseSt.,2025-26,San Jose St.,Mountain West,,,243,243,78,119,8-24,4-18,4-6,1-12,83,153,0-8,2-9,0-7,6-0
2025-26-SantaClara,2025-26,Santa Clara,WCC,,AL,40,40,84,127,25-8,17-4,8-4,8-3,82,105,2-6,6-1,10-0,7-1
2025-26-SeattleU,2025-26,Seattle U,WCC,,,122,121,124,164,18-13,9-11,9-2,5-7,108,325,1-5,1-1,3-6,13-1
2025-26-SetonHall,2025-26,Seton Hall,Big East,,,54,53,60,107,21-12,11-11,10-1,6-5,75,301,1-6,7-4,7-2,6-0
2025-26-SFA,2025-26,SFA,Southland,,AQ,89,90,267,224,26-5,21-3,5-2,12-3,307,354,0-1,2-1,5-2,19-1
2025-26-Siena(AQ),2025-26,Siena(AQ),MAAC,,,182,184,345,260,23-11,16-7,7-4,9-7,359,338,0-1,0-0,2-6,21-4
2025-26-SIUE,2025-26,SIUE,OVC,,,259,259,360,274,16-13,12-9,4-4,8-7,360,323,0-1,0-0,2-2,14-10
2025-26-SMU,2025-26,SMU,ACC,,AL,37,37,22,91,20-13,9-11,11-2,3-8,57,192,4-9,5-4,5-0,6-0
2025-26-SouthAlabama,2025-26,South Alabama,Sun Belt,,,188,188,274,227,19-11,11-8,8-3,8-6,341,346,0-0,1-2,7-5,11-4
2025-26-SouthCarolina,2025-26,South Carolina,SEC,,,108,108,71,113,13-19,4-15,9-4,2-8,50,307,0-13,3-5,1-1,9-0
2025-26-SouthCarolinaSt.,2025-26,South Carolina St.,MEAC,,,356,356,332,255,8-22,8-8,0-14,3-16,253,123,0-3,0-2,0-4,8-13
2025-26-SouthDakota,2025-26,South Dakota,Summit League,,,284,284,263,222,13-16,8-9,5-7,3-10,284,262,0-1,0-5,1-4,12-6
2025-26-SouthDakotaSt.,2025-26,South Dakota St.,Summit League,,,210,210,224,205,11-18,7-10,4-8,4-9,207,151,0-2,0-5,1-5,10-6
2025-26-SouthFla.,2025-26,South Fla.,American,,AQ,49,48,105,149,22-8,15-3,7-5,9-3,106,87,2-3,5-2,6-3,9-0
2025-26-SoutheastMo.St.,2025-26,Southeast Mo. St.,OVC,,,225,225,312,246,17-13,15-7,2-6,8-7,296,67,0-3,0-0,2-1,15-9
2025-26-SoutheasternLa.,2025-26,Southeastern La.,Southland,,,295,295,219,202,8-22,6-16,2-6,2-15,204,145,0-1,0-7,2-4,6-10
2025-26-SouthernCalifornia,2025-26,Southern California,Big Ten,,,78,78,24,92,17-14,7-14,10-0,5-6,37,248,1-9,7-4,6-1,3-0
2025-26-SouthernIll.,2025-26,Southern Ill.,MVC,,,121,120,114,158,15-16,10-11,5-5,7-8,121,220,3-1,2-6,3-8,7-1
2025-26-SouthernInd.,2025-26,Southern Ind.,OVC,,,345,345,332,255,5-23,4-16,1-7,4-11,357,319,0-0,0-1,1-5,4-17
2025-26-SouthernMiss.,2025-26,Southern Miss.,Sun Belt,,,214,214,234,209,17-16,12-10,5-6,4-11,269,194,0-1,0-4,4-7,13-4
2025-26-SouthernU.,2025-26,Southern U.,SWAC,,,275,278,321,248,14-16,13-7,1-9,7-12,183,7,0-5,0-2,0-1,14-8
2025-26-SouthernUtah,2025-26,Southern Utah,WAC,,,272,272,124,164,7-22,6-13,1-9,2-15,129,92,0-3,0-2,2-13,5-4
2025-26-St.Bonaventure,2025-26,St. Bonaventure,Atlantic 10,,,143,144,112,157,16-17,6-15,10-2,4-7,124,315,0-4,3-4,5-5,8-4
2025-26-St.John's(NY),2025-26,St. John's (NY),Big East,,AL,20,21,14,87,27-6,20-2,7-4,9-1,69,37,3-5,12-0,9-1,3-0
2025-26-St.Thomas(MN),2025-26,St. Thomas (MN),Summit League,,,102,103,284,231,21-9,13-5,8-4,8-6,315,287,0-1,0-2,6-2,15-4
2025-26-Stanford,2025-26,Stanford,ACC,,,61,61,47,101,20-12,9-10,11-2,5-5,74,285,5-6,4-2,5-4,6-0
2025-26-Stetson,2025-26,Stetson,ASUN,,,314,314,257,218,10-21,8-12,2-9,2-14,244,111,0-3,0-1,0-8,10-9
2025-26-Stonehill,2025-26,Stonehill,NEC,,,332,332,357,273,10-21,9-11,1-10,4-15,342,221,0-1,0-2,0-4,10-14
2025-26-StonyBrook,2025-26,Stony Brook,CAA,,,232,232,210,200,15-15,9-10,6-5,4-9,281,324,0-1,0-3,4-8,11-3
2025-26-Syracuse,2025-26,Syracuse,ACC,,,86,85,57,106,15-17,6-13,9-4,2-7,51,89,1-11,4-3,3-3,7-0
2025-26-TarletonSt.,2025-26,Tarleton St.,WAC,,,230,230,145,174,10-18,5-14,5-4,4-11,134,80,0-3,0-4,2-5,8-6
2025-26-TCU,2025-26,TCU,Big 12,,AL,38,38,73,114,22-11,12-8,10-3,5-5,43,156,6-7,7-2,2-1,7-1
2025-26-Temple,2025-26,Temple,American,,,167,167,160,182,15-16,8-11,7-5,5-6,192,295,0-2,2-3,2-9,11-2
2025-26-Tennessee,2025-26,Tennessee,SEC,,AL,19,19,18,89,22-11,12-8,10-3,5-5,11,64,6-10,6-1,3-0,7-0
2025-26-TennesseeSt.(AQ),2025-26,Tennessee St.(AQ),OVC,,AQ,173,174,332,255,20-9,17-5,3-4,10-7,324,76,0-2,1-0,3-1,16-6
2025-26-TennesseeTech,2025-26,Tennessee Tech,OVC,,,308,308,321,248,10-18,8-12,2-6,5-12,300,102,0-2,0-0,1-5,9-11
2025-26-Texas,2025-26,Texas,SEC,,AL,42,42,60,107,17-14,9-10,8-4,4-6,20,68,6-9,1-4,3-1,7-0
2025-26-TexasA&M,2025-26,Texas A&M,SEC,,AL,43,43,73,114,21-11,11-8,10-3,6-5,61,259,5-8,4-3,4-0,8-0
2025-26-TexasSouthern,2025-26,Texas Southern,SWAC,,,322,322,327,251,10-18,10-9,0-9,3-12,200,10,0-4,0-1,0-2,10-11
2025-26-TexasSt.,2025-26,Texas St.,Sun Belt,,,235,236,286,232,17-13,11-8,6-5,3-9,354,364,0-0,0-1,3-8,14-4
2025-26-TexasTech,2025-26,Texas Tech,Big 12,,AL,18,20,4,71,22-10,12-7,10-3,5-5,6,24,7-9,5-1,7-0,3-0
2025-26-TheCitadel,2025-26,The Citadel,SoCon,,,346,346,274,227,8-22,8-12,0-10,3-12,335,322,0-0,0-2,0-10,8-10
2025-26-Toledo,2025-26,Toledo,MAC,,,134,141,167,184,17-14,13-7,4-7,5-9,181,175,0-3,1-2,5-7,11-2
2025-26-Towson,2025-26,Towson,CAA,,,158,158,160,182,17-15,11-10,6-5,3-10,159,88,0-3,0-3,6-6,11-3
2025-26-Troy(AQ),2025-26,Troy(AQ),Sun Belt,,AQ,125,125,234,209,20-11,14-6,6-5,9-7,265,164,1-0,2-1,4-7,13-3
2025-26-Tulane,2025-26,Tulane,American,,,208,208,121,161,17-15,9-11,8-4,6-4,166,317,0-2,2-4,5-8,10-1
2025-26-Tulsa,2025-26,Tulsa,American,,,50,50,140,171,24-6,14-5,10-1,8-4,187,329,0-1,3-3,9-2,12-0
2025-26-UAB,2025-26,UAB,American,,,118,118,145,174,19-12,11-8,8-4,10-2,158,312,2-1,2-2,6-7,9-2
2025-26-UAlbany,2025-26,UAlbany,America East,,,326,326,316,247,8-21,7-10,1-11,4-13,331,219,0-0,0-4,1-8,7-9
2025-26-UCDavis,2025-26,UC Davis,Big West,,,178,178,167,184,17-14,12-10,5-4,6-9,230,224,1-0,0-5,6-8,10-1
2025-26-UCIrvine,2025-26,UC Irvine,Big West,,AQ,112,117,171,186,21-10,16-5,5-5,7-5,268,279,0-0,1-4,6-6,14-0
2025-26-UCRiverside,2025-26,UC Riverside,Big West,,,273,273,145,174,8-22,5-15,3-7,3-15,137,54,0-3,0-5,2-9,6-5
2025-26-UCSanDiego,2025-26,UC San Diego,Big West,,,124,124,182,191,21-11,13-9,8-2,8-5,283,302,0-1,1-1,9-6,11-3
2025-26-UCSantaBarbara,2025-26,UC Santa Barbara,Big West,,,142,142,187,193,16-14,11-10,5-4,5-8,277,309,0-1,1-3,3-7,12-3
2025-26-UCF,2025-26,UCF,Big 12,,AL,52,52,28,93,21-11,10-10,11-1,5-5,42,240,5-8,6-3,4-0,6-0
2025-26-UCLA,2025-26,UCLA,Big Ten,,AL,31,33,46,100,23-10,15-7,8-3,4-6,38,140,5-7,5-3,6-0,7-0
2025-26-UConn,2025-26,UConn,Big East,,AL,10,9,45,99,29-4,19-3,10-1,9-2,59,11,7-2,11-1,6-1,5-0
2025-26-UIC,2025-26,UIC,MVC,,,110,111,115,159,17-15,14-9,3-6,7-8,130,273,1-2,3-5,6-7,7-1
2025-26-UIW,2025-26,UIW,Southland,,,282,282,215,201,9-19,7-15,2-4,2-12,165,28,0-3,1-4,1-3,7-9
2025-26-ULM,2025-26,ULM,Sun Belt,,,355,355,240,211,2-28,1-18,1-10,1-15,243,196,0-1,0-4,0-9,2-14
2025-26-UMassLowell,2025-26,UMass Lowell,America East,,,321,321,342,258,12-18,10-8,2-10,5-14,275,113,0-3,0-1,0-7,12-7
2025-26-UMBC(AQ),2025-26,UMBC(AQ),America East,,AQ,202,201,365,290,21-8,16-2,5-6,9-6,352,247,0-2,0-2,0-1,21-3
2025-26-UMES,2025-26,UMES,MEAC,,,351,351,338,256,7-23,5-10,2-13,2-18,182,61,0-5,0-1,0-2,7-15
2025-26-UNCAsheville,2025-26,UNC Asheville,Big South,,,239,239,215,201,12-17,9-9,3-8,4-9,218,195,0-2,0-6,0-4,12-5
2025-26-UNCGreensboro,2025-26,UNC Greensboro,SoCon,,,292,292,271,226,13-19,11-10,2-9,4-9,310,253,0-1,0-2,1-7,12-9
2025-26-UNCW,2025-26,UNCW,CAA,,,96,96,250,215,24-6,15-4,9-2,11-2,345,362,0-0,0-1,8-3,16-2
2025-26-UNI(AQ),2025-26,UNI(AQ),MVC,,AQ,71,71,107,153,22-12,15-9,7-3,6-6,133,188,0-3,4-4,7-5,11-0
2025-26-UNLV,2025-26,UNLV,Mountain West,,,111,112,81,123,16-16,12-10,4-6,6-6,84,182,4-5,5-4,2-4,5-3
2025-26-USCUpstate,2025-26,USC Upstate,Big South,,,302,302,259,220,10-19,5-12,5-7,3-13,205,155,0-3,0-4,1-3,9-9
2025-26-UTArlington,2025-26,UT Arlington,WAC,,,160,160,156,180,16-14,10-10,6-4,8-8,168,183,0-2,1-4,5-5,10-3
2025-26-UTMartin,2025-26,UT Martin,OVC,,,207,206,332,255,19-11,14-8,5-3,8-6,348,227,0-1,2-1,0-3,17-6
2025-26-Utah,2025-26,Utah,Big 12,,,131,131,22,91,10-22,2-17,8-5,1-10,44,237,1-13,2-6,2-2,5-1
2025-26-UtahSt.,2025-26,Utah St.,Mountain West,,AQ,27,28,75,115,26-6,17-5,9-1,7-5,89,189,3-4,9-1,9-1,5-0
2025-26-UtahTech,2025-26,Utah Tech,WAC,,,176,172,153,178,16-15,12-8,4-7,6-10,131,78,0-3,0-6,6-4,10-2
2025-26-UtahValley,2025-26,Utah Valley,WAC,,AQ,84,83,159,181,22-7,15-4,7-3,6-7,228,199,0-2,0-1,12-2,10-2
2025-26-UTEP,2025-26,UTEP,CUSA,,,268,268,142,173,8-20,7-13,1-7,2-11,203,144,0-1,0-4,2-10,6-5
2025-26-UTRGV,2025-26,UTRGV,Southland,,,126,126,222,203,17-14,15-9,2-5,8-8,169,35,0-4,1-2,2-3,14-5
2025-26-UTSA,2025-26,UTSA,American,,,342,343,122,162,3-25,1-17,2-8,2-12,123,168,0-3,0-4,1-8,2-10
2025-26-Valparaiso,2025-26,Valparaiso,MVC,,,155,155,124,164,17-15,12-10,5-5,4-10,118,226,0-4,2-6,6-3,9-2
2025-26-Vanderbilt,2025-26,Vanderbilt,SEC,,AL,14,15,34,94,25-7,12-7,13-0,8-4,27,118,9-6,7-1,3-0,6-0
2025-26-VCU,2025-26,VCU,Atlantic 10,,AL,44,44,105,149,25-7,16-3,9-4,7-3,99,94,2-5,4-2,8-0,11-0
2025-26-Vermont,2025-26,Vermont,America East,,,224,224,357,273,20-11,14-4,6-7,8-6,365,343,0-0,0-1,0-5,20-5
2025-26-Villanova,2025-26,Villanova,Big East,,AL,35,36,40,97,24-8,15-6,9-2,9-3,73,96,2-6,8-1,9-1,5-0
2025-26-Virginia,2025-26,Virginia,ACC,,AL,12,13,66,109,29-4,17-3,12-1,8-2,70,203,8-3,9-1,5-0,7-0
2025-26-VirginiaTech,2025-26,Virginia Tech,ACC,,,55,55,47,101,19-13,8-11,11-2,3-7,60,201,2-10,6-3,4-0,7-0
2025-26-VMI,2025-26,VMI,SoCon,,,359,359,284,231,3-26,1-18,2-8,1-14,313,269,0-2,0-0,0-9,3-15
2025-26-Wagner,2025-26,Wagner,NEC,,,301,301,346,262,11-17,9-11,2-6,6-12,316,100,0-2,0-1,0-5,11-9
2025-26-WakeForest,2025-26,Wake Forest,ACC,,,67,67,40,97,17-16,8-12,9-4,2-7,46,97,1-10,6-5,3-1,7-0
2025-26-Washington,2025-26,Washington,Big Ten,,,57,57,40,97,16-17,8-14,8-3,4-9,48,245,2-11,4-4,5-2,5-0
2025-26-WashingtonSt.,2025-26,Washington St.,WCC,,,146,145,92,135,11-20,7-12,4-8,1-11,96,154,0-4,0-10,4-4,7-2
2025-26-WeberSt.,2025-26,Weber St.,Big Sky,,,203,203,187,193,14-16,10-9,4-7,5-10,226,198,0-1,0-5,4-7,10-3
2025-26-WestGa.,2025-26,West Ga.,ASUN,,,298,298,291,237,13-17,9-11,4-6,4-11,248,77,0-3,1-0,0-4,12-10
2025-26-WestVirginia,2025-26,West Virginia,Big 12,,,59,59,75,115,18-14,9-10,9-4,3-6,63,270,5-9,2-4,3-1,8-0
2025-26-WesternCaro.,2025-26,Western Caro.,SoCon,,,229,228,236,210,13-16,11-9,2-7,4-12,162,18,0-5,0-0,4-4,9-7
2025-26-WesternIll.,2025-26,Western Ill.,OVC,,,364,364,327,251,2-26,1-19,1-7,1-15,344,241,0-1,0-1,0-4,2-20
2025-26-WesternKy.,2025-26,Western Ky.,CUSA,,,159,159,151,177,16-14,11-10,5-4,5-7,193,122,0-2,2-2,2-8,12-2
2025-26-WesternMich.,2025-26,Western Mich.,MAC,,,283,283,182,191,9-20,4-14,5-6,3-13,150,209,0-4,0-3,2-7,7-6
2025-26-WichitaSt.,2025-26,Wichita St.,American,,,81,81,124,164,20-10,13-5,7-5,7-4,116,202,2-3,3-3,4-3,11-1
2025-26-William&Mary,2025-26,William & Mary,CAA,,,129,129,202,198,18-12,11-9,7-3,6-9,227,205,0-1,2-2,4-6,12-3
2025-26-Winthrop,2025-26,Winthrop,Big South,,,130,130,252,216,20-11,15-4,5-7,7-9,172,83,0-4,1-2,3-1,16-4
2025-26-Wisconsin,2025-26,Wisconsin,Big Ten,,AL,25,27,24,92,24-9,16-6,8-3,6-4,23,163,8-7,5-1,5-1,6-0
2025-26-Wofford,2025-26,Wofford,SoCon,,,246,246,296,239,17-13,11-8,6-5,9-7,314,266,0-1,0-2,3-4,14-6
2025-26-WrightSt.(AQ),2025-26,Wright St.(AQ),Horizon,,AQ,127,127,246,213,21-11,18-5,3-6,9-5,305,223,0-1,0-2,5-6,16-2
2025-26-Wyoming,2025-26,Wyoming,Mountain West,,,98,98,100,145,17-14,9-12,8-2,3-9,95,305,1-7,1-5,3-2,12-0
2025-26-Xavier,2025-26,Xavier,Big East,,,97,97,34,94,15-18,7-15,8-3,1-10,62,115,0-9,4-8,5-1,6-0
2025-26-Yale,2025-26,Yale,Ivy League,,AQ,66,66,179,189,21-5,11-3,10-2,9-3,220,217,0-1,1-0,11-3,9-1
2025-26-YoungstownSt.,2025-26,Youngstown St.,Horizon,,,219,219,246,213,12-17,8-13,4-4,4-11,295,265,1-0,0-3,2-7,9-7
