RecordID,Team,Conference,Season,Bid_Type,Is_Test_Team,Actual_Seed,Predicted_Seed,V12_Base_Seed,Prediction_Error,V12_Error,Abs_Error,Exactly_Correct,Improved_By_Zones,Hurt_By_Zones,Raw_Model_Score,Seed_Line,Region,NET_Rank,NETSOS,Win_Pct,Avg_Opp_NET,Tourn_Field_Rank,Is_Power_Conference,Is_Auto_Qualifier,Is_At_Large,Quadrant1_Wins,Quadrant1_Losses,Q1_Win_Rate,Q3_Q4_Losses,Resume_Score,Power_Rating,Conf_Bid_Hist_Mean,NET_SOS_Gap,Seed_Zone
2020-21-MichiganSt.,Michigan St.,Big Ten,2020-21,AL,False,43,43,43,0,0,0,1,0,0,44.56,11,South,70.0,9.0,0.5555555555555556,20.0,50.0,1.0,0.0,1.0,10.0,5.0,0.6451612903225806,0.0,44.0,213.80555555555554,24.142857142857142,-61.0,Upper-Mid (35-44)
2020-21-Colgate,Colgate,Patriot,2020-21,AQ,False,57,57,57,0,0,0,1,0,0,48.36,15,East,9.0,257.0,0.9333333333333333,154.0,9.0,0.0,1.0,0.0,0.0,0.0,0.0,6.0,-8.0,156.93333333333334,59.4,248.0,Bottom (53-60)
2020-21-Virginia,Virginia,ACC,2020-21,AL,False,16,16,16,0,0,0,1,0,0,10.720000000000002,4,Midwest,12.0,49.0,0.75,57.0,12.0,1.0,0.0,1.0,4.0,5.0,0.42105263157894735,5.0,8.0,214.04999999999998,27.761904761904763,37.0,4-Seeds (13-16)
2020-21-EasternWash.,Eastern Wash.,Big Sky,2020-21,AQ,False,58,58,58,0,0,0,1,0,0,58.36,15,West,114.0,217.0,0.6818181818181818,252.0,58.0,0.0,1.0,0.0,0.0,3.0,0.0,15.0,-52.0,127.56818181818181,59.4,103.0,Bottom (53-60)
2020-21-GeorgiaTech,Georgia Tech,ACC,2020-21,AQ,False,34,34,34,0,0,0,1,0,0,36.199999999999996,9,West,34.0,48.0,0.68,49.0,34.0,1.0,1.0,0.0,6.0,3.0,0.631578947368421,5.0,26.0,209.8,29.0,14.0,Mid-Range (17-34)
2020-21-UConn,UConn,Big East,2020-21,AL,False,26,26,26,0,0,0,1,0,0,29.36,7,West,30.0,60.0,0.6818181818181818,46.0,30.0,1.0,0.0,1.0,4.0,4.0,0.47058823529411764,0.0,22.0,204.3181818181818,23.944444444444443,30.0,Mid-Range (17-34)
2020-21-WestVirginia,West Virginia,Big 12,2020-21,AL,False,10,10,10,0,0,0,1,0,0,14.799999999999999,3,West,24.0,18.0,0.6666666666666666,15.0,24.0,1.0,0.0,1.0,7.0,7.0,0.4827586206896552,0.0,32.0,222.66666666666666,18.5,-6.0,3-Seeds (9-12)
2020-21-Rutgers,Rutgers,Big Ten,2020-21,AL,False,40,40,40,0,0,0,1,0,0,34.800000000000004,10,Midwest,38.0,10.0,0.5769230769230769,5.0,38.0,1.0,0.0,1.0,9.0,4.0,0.6666666666666666,0.0,40.0,222.96923076923076,24.142857142857142,-28.0,Upper-Mid (35-44)
2020-21-BYU,BYU,WCC,2020-21,AL,False,23,23,23,0,0,0,1,0,0,20.080000000000002,6,South,20.0,53.0,0.76,75.0,20.0,1.0,0.0,1.0,4.0,3.0,0.5333333333333333,0.0,20.0,210.35,24.333333333333332,33.0,Mid-Range (17-34)
2020-21-NorthCarolina,North Carolina,ACC,2020-21,AL,False,31,31,31,0,0,0,1,0,0,32.92,8,South,32.0,31.0,0.6428571428571429,26.0,32.0,1.0,0.0,1.0,9.0,3.0,0.72,4.0,44.0,220.4785714285714,27.761904761904763,-1.0,Mid-Range (17-34)
2020-21-MoreheadSt.,Morehead St.,OVC,2020-21,AQ,False,56,56,56,0,0,0,1,0,0,55.720000000000006,14,Midwest,121.0,191.0,0.75,235.0,59.0,0.0,1.0,0.0,0.0,3.0,0.0,7.0,-12.0,132.5,54.0,70.0,Bottom (53-60)
2020-21-OhioSt.,Ohio St.,Big Ten,2020-21,AL,False,6,6,6,0,0,0,1,0,0,7.0,2,West,8.0,5.0,0.7,3.0,8.0,1.0,0.0,1.0,7.0,9.0,0.42424242424242425,0.0,32.0,231.95,24.142857142857142,-3.0,2-Seeds (5-8)
2020-21-OregonSt.,Oregon St.,Pac-12,2020-21,AQ,False,46,46,46,0,0,0,1,0,0,48.92,12,West,91.0,63.0,0.5714285714285714,55.0,56.0,1.0,1.0,0.0,5.0,5.0,0.47619047619047616,9.0,0.0,183.1142857142857,24.5,-28.0,Mid-Bottom (45-52)
2020-21-Michigan,Michigan,Big Ten,2020-21,AL,False,4,4,4,0,0,0,1,0,0,3.6400000000000006,1,Midwest,4.0,19.0,0.8333333333333334,8.0,4.0,1.0,0.0,1.0,3.0,8.0,0.2608695652173913,0.0,14.0,223.18333333333334,24.142857142857142,15.0,1-Seeds (1-4)
2020-21-Hartford,Hartford,America East,2020-21,AQ,False,64,64,64,0,0,0,1,0,0,62.00000000000001,16,Midwest,162.0,231.0,0.6521739130434783,285.0,65.0,0.0,1.0,0.0,0.0,2.0,0.0,14.0,-48.0,106.97173913043478,57.8,69.0,Tail (61-68)
2020-21-Georgetown,Georgetown,Big East,2020-21,AQ,False,47,47,47,0,0,0,1,0,0,46.64,12,South,64.0,29.0,0.52,14.0,49.0,1.0,1.0,0.0,9.0,3.0,0.72,4.0,30.0,208.54999999999998,14.2,-35.0,Mid-Bottom (45-52)
2020-21-Creighton,Creighton,Big East,2020-21,AL,False,17,17,17,0,0,0,1,0,0,20.2,5,East,26.0,68.0,0.7142857142857143,52.0,26.0,1.0,0.0,1.0,3.0,7.0,0.2857142857142857,4.0,10.0,201.94285714285715,23.944444444444443,42.0,Mid-Range (17-34)
2020-21-NorfolkSt.,Norfolk St.,MEAC,2020-21,AQ,False,67,67,67,0,0,0,1,0,0,64.60000000000001,17,South,170.0,318.0,0.6666666666666666,308.0,66.0,0.0,1.0,0.0,0.0,0.0,0.0,13.0,-42.0,82.56666666666668,65.0,148.0,Tail (61-68)
2020-21-Houston,Houston,The American,2020-21,AQ,False,8,8,8,0,0,0,1,0,0,13.96,2,Midwest,5.0,133.0,0.8846153846153846,101.0,5.0,0.0,1.0,0.0,1.0,2.0,0.2857142857142857,10.0,-14.0,190.84615384615384,25.0,128.0,2-Seeds (5-8)
2020-21-OralRoberts,Oral Roberts,Summit League,2020-21,AQ,False,61,61,61,0,0,0,1,0,0,61.00000000000001,16,East,158.0,159.0,0.5652173913043478,216.0,62.0,0.0,1.0,0.0,0.0,5.0,0.0,13.0,-44.0,125.70217391304347,56.6,1.0,Tail (61-68)
2020-21-Villanova,Villanova,Big East,2020-21,AL,False,18,18,18,0,0,0,1,0,0,15.84,5,West,17.0,61.0,0.7272727272727273,30.0,17.0,1.0,0.0,1.0,3.0,5.0,0.35294117647058826,0.0,18.0,206.97272727272727,23.944444444444443,44.0,Mid-Range (17-34)
2020-21-Oregon,Oregon,Pac-12,2020-21,AL,False,25,25,25,0,0,0,1,0,0,24.36,7,East,33.0,82.0,0.7692307692307693,69.0,33.0,1.0,0.0,1.0,3.0,2.0,0.5454545454545454,7.0,0.0,196.74230769230766,25.666666666666668,49.0,Mid-Range (17-34)
2020-21-Colorado,Colorado,Pac-12,2020-21,AL,False,20,20,20,0,0,0,1,0,0,22.28,5,Midwest,15.0,78.0,0.7333333333333333,67.0,15.0,1.0,0.0,1.0,4.0,3.0,0.5333333333333333,9.0,0.0,205.58333333333334,25.666666666666668,63.0,Mid-Range (17-34)
2020-21-Tennessee,Tennessee,SEC,2020-21,AL,False,19,19,19,0,0,0,1,0,0,15.88,5,South,13.0,42.0,0.6923076923076923,42.0,13.0,1.0,0.0,1.0,6.0,6.0,0.48,0.0,28.0,218.87307692307692,22.54054054054054,29.0,Mid-Range (17-34)
2020-21-Oklahoma,Oklahoma,Big 12,2020-21,AL,False,32,32,32,0,0,0,1,0,0,34.36,8,Midwest,36.0,26.0,0.6,62.0,36.0,1.0,0.0,1.0,9.0,5.0,0.6206896551724138,4.0,28.0,219.99999999999997,18.5,-10.0,Mid-Range (17-34)
2020-21-St.Bonaventure,St. Bonaventure,Atlantic 10,2020-21,AQ,False,37,37,37,0,0,0,1,0,0,36.080000000000005,10,East,23.0,99.0,0.8,85.0,23.0,0.0,1.0,0.0,2.0,4.0,0.3076923076923077,5.0,0.0,194.6,45.4,76.0,Upper-Mid (35-44)
2020-21-ClevelandSt.,Cleveland St.,Horizon,2020-21,AQ,False,60,60,60,0,0,0,1,0,0,60.0,15,Midwest,160.0,215.0,0.7307692307692307,242.0,64.0,0.0,1.0,0.0,3.0,1.0,0.6666666666666666,3.0,0.0,118.5576923076923,60.4,55.0,Bottom (53-60)
2020-21-Iowa,Iowa,Big Ten,2020-21,AL,False,7,7,7,0,0,0,1,0,0,6.0,2,South,6.0,15.0,0.7241379310344828,35.0,6.0,1.0,0.0,1.0,6.0,8.0,0.41379310344827586,0.0,28.0,228.3913793103448,24.142857142857142,9.0,2-Seeds (5-8)
2020-21-Texas,Texas,Big 12,2020-21,AQ,False,11,11,11,0,0,0,1,0,0,11.360000000000001,3,South,21.0,21.0,0.7307692307692307,26.0,21.0,1.0,1.0,0.0,6.0,8.0,0.41379310344827586,0.0,26.0,221.70769230769233,6.2,0.0,3-Seeds (9-12)
2020-21-SanDiegoSt.,San Diego St.,Mountain West,2020-21,AQ,False,24,24,24,0,0,0,1,0,0,26.360000000000003,6,Midwest,18.0,116.0,0.8461538461538461,97.0,18.0,1.0,1.0,0.0,3.0,1.0,0.6666666666666666,0.0,14.0,194.16153846153844,32.0,98.0,Mid-Range (17-34)
2020-21-VirginiaTech,Virginia Tech,ACC,2020-21,AL,False,38,38,38,0,0,0,1,0,0,40.2,10,West,48.0,88.0,0.7142857142857143,78.0,45.0,1.0,0.0,1.0,3.0,2.0,0.5454545454545454,0.0,18.0,189.34285714285713,27.761904761904763,40.0,Upper-Mid (35-44)
2020-21-AppState,App State,Sun Belt,2020-21,AQ,False,68,68,68,0,0,0,1,0,0,68.0,17,Midwest,210.0,236.0,0.5416666666666666,219.0,68.0,0.0,1.0,0.0,0.0,2.0,0.0,13.0,-38.0,87.91666666666667,57.8,26.0,Tail (61-68)
2020-21-VCU,VCU,Atlantic 10,2020-21,AL,False,39,39,39,0,0,0,1,0,0,38.160000000000004,10,South,37.0,81.0,0.7307692307692307,72.0,37.0,0.0,0.0,1.0,5.0,2.0,0.6666666666666666,6.0,22.0,199.00769230769234,35.666666666666664,44.0,Upper-Mid (35-44)
2020-21-Kansas,Kansas,Big 12,2020-21,AL,False,12,12,12,0,0,0,1,0,0,8.72,3,Midwest,11.0,16.0,0.7037037037037037,35.0,11.0,1.0,0.0,1.0,8.0,7.0,0.5161290322580645,0.0,36.0,230.18703703703702,18.5,5.0,3-Seeds (9-12)
2020-21-Illinois,Illinois,Big Ten,2020-21,AQ,False,3,3,3,0,0,0,1,0,0,2.8,1,South,3.0,7.0,0.7931034482758621,8.0,3.0,1.0,1.0,0.0,5.0,12.0,0.2857142857142857,0.0,22.0,230.13103448275862,11.2,4.0,1-Seeds (1-4)
2020-21-LoyolaChicago,Loyola Chicago,MVC,2020-21,AQ,False,30,30,30,0,0,0,1,0,0,30.28,8,West,10.0,143.0,0.8461538461538461,146.0,10.0,0.0,1.0,0.0,2.0,2.0,0.4444444444444444,0.0,12.0,188.21153846153845,40.4,133.0,Mid-Range (17-34)
2020-21-WichitaSt.,Wichita St.,The American,2020-21,AL,False,45,45,45,0,0,0,1,0,0,42.72,12,East,72.0,93.0,0.7368421052631579,81.0,51.0,0.0,0.0,1.0,3.0,2.0,0.5454545454545454,6.0,2.0,179.9184210526316,28.5,21.0,Mid-Bottom (45-52)
2020-21-TexasSouthern,Texas Southern,SWAC,2020-21,AQ,False,66,66,66,0,0,0,1,0,0,66.08,17,West,208.0,199.0,0.6521739130434783,324.0,67.0,0.0,1.0,0.0,0.0,4.0,0.0,3.0,-10.0,98.97173913043477,66.4,-9.0,Tail (61-68)
2020-21-FloridaSt.,Florida St.,ACC,2020-21,AL,False,13,13,13,0,0,0,1,0,0,19.680000000000003,4,East,25.0,57.0,0.7272727272727273,40.0,25.0,1.0,0.0,1.0,4.0,3.0,0.5333333333333333,2.0,14.0,207.1727272727273,27.761904761904763,32.0,4-Seeds (13-16)
2020-21-Maryland,Maryland,Big Ten,2020-21,AL,False,36,36,36,0,0,0,1,0,0,39.28,9,Midwest,35.0,12.0,0.5357142857142857,5.0,35.0,1.0,0.0,1.0,10.0,4.0,0.6896551724137931,0.0,46.0,225.10714285714286,24.142857142857142,-23.0,Upper-Mid (35-44)
2020-21-LSU,LSU,SEC,2020-21,AL,False,29,29,29,0,0,0,1,0,0,24.08,8,East,28.0,28.0,0.6666666666666666,33.0,28.0,1.0,0.0,1.0,8.0,5.0,0.5925925925925926,0.0,34.0,220.86666666666665,22.54054054054054,0.0,Mid-Range (17-34)
2020-21-NorthTexas,North Texas,CUSA,2020-21,AQ,False,52,52,52,0,0,0,1,0,0,50.72,13,Midwest,59.0,120.0,0.64,121.0,48.0,0.0,1.0,0.0,0.0,3.0,0.0,6.0,-8.0,170.95,48.6,61.0,Mid-Bottom (45-52)
2020-21-UtahSt.,Utah St.,Mountain West,2020-21,AL,False,42,42,42,0,0,0,1,0,0,44.720000000000006,11,West,39.0,114.0,0.7037037037037037,126.0,39.0,1.0,0.0,1.0,5.0,2.0,0.6666666666666666,7.0,8.0,189.88703703703703,36.733333333333334,75.0,Upper-Mid (35-44)
2020-21-Clemson,Clemson,ACC,2020-21,AL,False,27,27,27,0,0,0,1,0,0,30.0,7,South,41.0,32.0,0.6956521739130435,23.0,41.0,1.0,0.0,1.0,6.0,3.0,0.631578947368421,5.0,28.0,211.60652173913041,27.761904761904763,-9.0,Mid-Range (17-34)
2020-21-Alabama,Alabama,SEC,2020-21,AQ,False,5,5,5,0,0,0,1,0,0,5.000000000000001,2,East,7.0,33.0,0.8,11.0,7.0,1.0,1.0,0.0,4.0,8.0,0.32,7.0,4.0,220.29999999999998,7.0,26.0,2-Seeds (5-8)
2020-21-Gonzaga,Gonzaga,WCC,2020-21,AQ,False,1,1,1,0,0,0,1,0,0,2.5600000000000005,1,East,1.0,79.0,1.0,95.0,1.0,1.0,1.0,0.0,8.0,0.0,0.9411764705882353,0.0,44.0,220.89999999999998,12.4,78.0,1-Seeds (1-4)
2020-21-Iona,Iona,MAAC,2020-21,AQ,False,62,62,62,0,0,0,1,0,0,64.2,16,West,138.0,315.0,0.29411764705882354,293.0,61.0,0.0,1.0,0.0,0.0,1.0,0.0,10.0,-40.0,90.89117647058822,60.4,177.0,Tail (61-68)
2020-21-Drake,Drake,MVC,2020-21,AL,False,48,48,48,0,0,0,1,0,0,46.36000000000001,12,Midwest,45.0,175.0,0.8518518518518519,184.0,42.0,0.0,0.0,1.0,2.0,1.0,0.5714285714285714,6.0,6.0,168.01851851851853,48.0,130.0,Mid-Bottom (45-52)
2020-21-Missouri,Missouri,SEC,2020-21,AL,False,33,33,33,0,0,0,1,0,0,32.080000000000005,9,East,47.0,22.0,0.64,13.0,44.0,1.0,0.0,1.0,6.0,7.0,0.4444444444444444,0.0,30.0,211.45000000000002,22.54054054054054,-25.0,Mid-Range (17-34)
2020-21-Florida,Florida,SEC,2020-21,AL,False,28,28,28,0,0,0,1,0,0,27.200000000000003,7,Midwest,31.0,24.0,0.6086956521739131,20.0,31.0,1.0,0.0,1.0,5.0,5.0,0.47619047619047616,5.0,16.0,214.23695652173913,22.54054054054054,-7.0,Mid-Range (17-34)
2021-22-Texas,Texas,Big 12,2021-22,AL,False,23,23,23,0,0,0,1,0,0,20.080000000000002,6,South,16.0,17.0,0.65625,49.0,16.0,1.0,0.0,1.0,10.0,5.0,0.6451612903225806,0.0,42.0,231.81249999999997,18.5,1.0,Mid-Range (17-34)
2021-22-Longwood,Longwood,Big South,2021-22,AQ,False,55,55,55,0,0,0,1,0,0,55.64,14,South,125.0,348.0,0.7857142857142857,340.0,56.0,0.0,1.0,0.0,0.0,1.0,0.0,6.0,-16.0,92.20714285714286,56.2,223.0,Bottom (53-60)
2021-22-MontanaSt.,Montana St.,Big Sky,2021-22,AQ,False,58,58,58,0,0,0,1,0,0,55.92,15,West,120.0,341.0,0.78125,315.0,54.0,0.0,1.0,0.0,0.0,2.0,0.0,7.0,-18.0,95.5625,59.4,221.0,Bottom (53-60)
2021-22-Akron,Akron,MAC,2021-22,AQ,False,54,54,54,0,0,0,1,0,0,54.00000000000001,14,West,127.0,282.0,0.7096774193548387,261.0,57.0,0.0,1.0,0.0,0.0,2.0,0.0,6.0,-14.0,107.14677419354838,53.0,155.0,Bottom (53-60)
2021-22-Michigan,Michigan,Big Ten,2021-22,AL,False,42,42,42,0,0,0,1,0,0,39.080000000000005,11,West,34.0,7.0,0.5483870967741935,3.0,34.0,1.0,0.0,1.0,10.0,5.0,0.6451612903225806,6.0,34.0,226.83387096774192,24.142857142857142,-27.0,Upper-Mid (35-44)
2021-22-OhioSt.,Ohio St.,Big Ten,2021-22,AL,False,28,28,28,0,0,0,1,0,0,24.84,7,Midwest,26.0,26.0,0.6333333333333333,13.0,26.0,1.0,0.0,1.0,5.0,5.0,0.47619047619047616,6.0,18.0,215.73333333333335,24.142857142857142,0.0,Mid-Range (17-34)
2021-22-UCLA,UCLA,Pac-12,2021-22,AL,False,13,13,13,0,0,0,1,0,0,12.719999999999999,4,East,10.0,44.0,0.78125,36.0,10.0,1.0,0.0,1.0,4.0,5.0,0.42105263157894735,8.0,4.0,216.3125,25.666666666666668,34.0,4-Seeds (13-16)
2021-22-LoyolaChicago,Loyola Chicago,MVC,2021-22,AQ,False,39,39,39,0,0,0,1,0,0,38.839999999999996,10,South,23.0,112.0,0.7741935483870968,110.0,23.0,0.0,1.0,0.0,2.0,3.0,0.36363636363636365,7.0,2.0,190.69193548387096,40.4,89.0,Upper-Mid (35-44)
2021-22-NorthCarolina,North Carolina,ACC,2021-22,AL,False,30,30,30,0,0,0,1,0,0,33.080000000000005,8,West,31.0,58.0,0.7272727272727273,49.0,31.0,1.0,0.0,1.0,8.0,3.0,0.6956521739130435,5.0,18.0,213.02272727272728,27.761904761904763,27.0,Mid-Range (17-34)
2021-22-Kansas,Kansas,Big 12,2021-22,AQ,False,3,3,3,0,0,0,1,0,0,2.7199999999999998,1,South,6.0,6.0,0.8235294117647058,2.0,6.0,1.0,1.0,0.0,5.0,12.0,0.2857142857142857,0.0,22.0,229.63529411764705,6.2,0.0,1-Seeds (1-4)
2021-22-UAB,UAB,CUSA,2021-22,AQ,False,48,48,48,0,0,0,1,0,0,48.0,12,Midwest,46.0,182.0,0.78125,161.0,42.0,0.0,1.0,0.0,1.0,2.0,0.2857142857142857,20.0,-56.0,163.21249999999998,48.6,136.0,Mid-Bottom (45-52)
2021-22-NewMexicoSt.,New Mexico St.,WAC,2021-22,AQ,False,50,50,50,0,0,0,1,0,0,50.44,13,West,79.0,174.0,0.7931034482758621,125.0,52.0,0.0,1.0,0.0,2.0,0.0,0.8,17.0,-38.0,155.78103448275863,53.4,95.0,Mid-Bottom (45-52)
2021-22-Baylor,Baylor,Big 12,2021-22,AL,False,4,4,4,0,0,0,1,0,0,1.6400000000000001,1,Midwest,4.0,13.0,0.8125,21.0,4.0,1.0,0.0,1.0,5.0,10.0,0.3225806451612903,0.0,22.0,228.475,18.5,9.0,1-Seeds (1-4)
2021-22-Rutgers,Rutgers,Big Ten,2021-22,AL,False,44,44,44,0,0,0,1,0,0,47.0,11,Midwest,77.0,35.0,0.5806451612903226,61.0,51.0,1.0,0.0,1.0,6.0,6.0,0.48,9.0,4.0,197.10645161290324,24.142857142857142,-42.0,Upper-Mid (35-44)
2021-22-TexasSouthern,Texas Southern,SWAC,2021-22,AQ,False,67,67,67,0,0,0,1,0,0,66.0,17,South,197.0,253.0,0.6,336.0,66.0,0.0,1.0,0.0,2.0,1.0,0.5714285714285714,7.0,-16.0,92.8,66.4,56.0,Tail (61-68)
2021-22-UConn,UConn,Big East,2021-22,AL,False,17,17,17,0,0,0,1,0,0,18.92,5,East,17.0,41.0,0.71875,54.0,17.0,1.0,0.0,1.0,6.0,5.0,0.5217391304347826,0.0,30.0,217.8875,23.944444444444443,24.0,Mid-Range (17-34)
2021-22-Villanova,Villanova,Big East,2021-22,AQ,False,7,7,7,0,0,0,1,0,0,10.48,2,South,8.0,15.0,0.7878787878787878,8.0,8.0,1.0,1.0,0.0,6.0,8.0,0.41379310344827586,0.0,26.0,228.22878787878787,14.2,7.0,2-Seeds (5-8)
2021-22-CalSt.Fullerton,Cal St. Fullerton,Big West,2021-22,AQ,False,62,62,62,0,0,0,1,0,0,61.440000000000005,16,West,153.0,257.0,0.6551724137931034,232.0,62.0,0.0,1.0,0.0,0.0,2.0,0.0,18.0,-56.0,103.75172413793102,54.8,104.0,Tail (61-68)
2021-22-GeorgiaSt.,Georgia St.,Sun Belt,2021-22,AQ,False,63,63,63,0,0,0,1,0,0,63.64,16,South,159.0,250.0,0.6,188.0,64.0,0.0,1.0,0.0,0.0,1.0,0.0,15.0,-46.0,102.85,57.8,91.0,Tail (61-68)
2021-22-LSU,LSU,SEC,2021-22,AL,False,22,22,22,0,0,0,1,0,0,21.360000000000003,6,West,18.0,29.0,0.6666666666666666,31.0,18.0,1.0,0.0,1.0,9.0,6.0,0.5806451612903226,6.0,26.0,226.11666666666665,22.54054054054054,11.0,Mid-Range (17-34)
2021-22-SanDiegoSt.,San Diego St.,Mountain West,2021-22,AL,False,31,31,31,0,0,0,1,0,0,31.28,8,South,25.0,60.0,0.7419354838709677,57.0,25.0,1.0,0.0,1.0,8.0,5.0,0.5925925925925926,0.0,42.0,214.66935483870967,36.733333333333334,35.0,Mid-Range (17-34)
2021-22-NorfolkSt.,Norfolk St.,MEAC,2021-22,AQ,False,64,64,64,0,0,0,1,0,0,63.36,16,Midwest,156.0,354.0,0.7777777777777778,358.0,63.0,0.0,1.0,0.0,0.0,1.0,0.0,5.0,-16.0,79.67777777777776,65.0,198.0,Tail (61-68)
2021-22-Arkansas,Arkansas,SEC,2021-22,AL,False,16,16,16,0,0,0,1,0,0,16.0,4,Midwest,20.0,48.0,0.7575757575757576,36.0,20.0,1.0,0.0,1.0,6.0,7.0,0.4444444444444444,6.0,14.0,215.57575757575756,22.54054054054054,28.0,4-Seeds (13-16)
2021-22-SaintMary's(CA),Saint Mary's (CA),WCC,2021-22,AL,False,19,19,19,0,0,0,1,0,0,21.560000000000002,5,South,19.0,56.0,0.7741935483870968,68.0,19.0,1.0,0.0,1.0,7.0,4.0,0.6086956521739131,0.0,40.0,216.09193548387097,24.333333333333332,37.0,Mid-Range (17-34)
2021-22-Providence,Providence,Big East,2021-22,AL,False,15,15,15,0,0,0,1,0,0,14.280000000000001,4,South,32.0,54.0,0.8333333333333334,36.0,32.0,1.0,0.0,1.0,3.0,5.0,0.35294117647058826,0.0,16.0,204.73333333333332,23.944444444444443,22.0,4-Seeds (13-16)
2021-22-SetonHall,Seton Hall,Big East,2021-22,AL,False,32,32,32,0,0,0,1,0,0,27.800000000000004,8,Midwest,37.0,28.0,0.6666666666666666,21.0,37.0,1.0,0.0,1.0,7.0,6.0,0.5185185185185185,0.0,34.0,215.71666666666667,23.944444444444443,-9.0,Mid-Range (17-34)
2021-22-Tennessee,Tennessee,SEC,2021-22,AQ,False,10,10,10,0,0,0,1,0,0,6.280000000000001,3,West,7.0,4.0,0.7878787878787878,8.0,7.0,1.0,1.0,0.0,7.0,11.0,0.3783783783783784,0.0,38.0,233.52878787878785,7.0,-3.0,3-Seeds (9-12)
2021-22-A&M-CorpusChristi,A&M-Corpus Christi,Southland,2021-22,AQ,False,68,68,68,0,0,0,1,0,0,68.0,17,Midwest,241.0,351.0,0.6333333333333333,357.0,68.0,0.0,1.0,0.0,0.0,2.0,0.0,7.0,-26.0,49.233333333333334,57.2,110.0,Tail (61-68)
2021-22-Auburn,Auburn,SEC,2021-22,AL,False,5,5,5,0,0,0,1,0,0,6.279999999999999,2,East,11.0,43.0,0.84375,26.0,11.0,1.0,0.0,1.0,5.0,8.0,0.37037037037037035,0.0,34.0,218.93749999999997,22.54054054054054,32.0,2-Seeds (5-8)
2021-22-Wisconsin,Wisconsin,Big Ten,2021-22,AL,False,9,9,9,0,0,0,1,0,0,8.92,3,East,24.0,18.0,0.7741935483870968,8.0,24.0,1.0,0.0,1.0,3.0,9.0,0.24,4.0,8.0,215.84193548387097,24.142857142857142,-6.0,3-Seeds (9-12)
2021-22-Indiana,Indiana,Big Ten,2021-22,AL,False,45,45,45,0,0,0,1,0,0,40.720000000000006,12,East,38.0,38.0,0.6060606060606061,35.0,38.0,1.0,0.0,1.0,8.0,4.0,0.64,5.0,30.0,214.36060606060605,24.142857142857142,0.0,Mid-Bottom (45-52)
2021-22-Duke,Duke,ACC,2021-22,AL,False,8,8,8,0,0,0,1,0,0,12.280000000000001,2,Midwest,12.0,68.0,0.8235294117647058,71.0,12.0,1.0,0.0,1.0,2.0,6.0,0.23529411764705882,8.0,-2.0,206.13529411764702,27.761904761904763,56.0,2-Seeds (5-8)
2021-22-Houston,Houston,The American,2021-22,AQ,False,18,18,18,0,0,0,1,0,0,16.0,5,West,3.0,99.0,0.8529411764705882,74.0,3.0,0.0,1.0,0.0,4.0,1.0,0.7272727272727273,0.0,18.0,205.72941176470587,25.0,96.0,Mid-Range (17-34)
2021-22-Bryant,Bryant,NEC,2021-22,AQ,False,66,66,66,0,0,0,1,0,0,65.0,17,West,200.0,319.0,0.7,340.0,67.0,0.0,1.0,0.0,0.0,1.0,0.0,6.0,-18.0,72.25,67.0,119.0,Tail (61-68)
2021-22-Colgate,Colgate,Patriot,2021-22,AQ,False,57,57,57,0,0,0,1,0,0,61.040000000000006,15,East,128.0,326.0,0.6666666666666666,332.0,58.0,0.0,1.0,0.0,0.0,2.0,0.0,4.0,-12.0,95.36666666666666,59.4,198.0,Bottom (53-60)
2021-22-Alabama,Alabama,SEC,2021-22,AL,False,21,21,21,0,0,0,1,0,0,24.560000000000002,6,East,30.0,1.0,0.59375,1.0,30.0,1.0,0.0,1.0,8.0,8.0,0.48484848484848486,5.0,28.0,226.1875,22.54054054054054,-29.0,Mid-Range (17-34)
2021-22-Purdue,Purdue,Big Ten,2021-22,AL,False,11,11,11,0,0,0,1,0,0,8.8,3,South,13.0,25.0,0.7941176470588235,20.0,13.0,1.0,0.0,1.0,6.0,8.0,0.41379310344827586,0.0,26.0,223.94117647058823,24.142857142857142,12.0,3-Seeds (9-12)
2021-22-MichiganSt.,Michigan St.,Big Ten,2021-22,AL,False,27,27,27,0,0,0,1,0,0,27.2,7,South,36.0,14.0,0.6470588235294118,7.0,36.0,1.0,0.0,1.0,9.0,5.0,0.6206896551724138,6.0,28.0,223.3705882352941,24.142857142857142,-22.0,Mid-Range (17-34)
2021-22-BoiseSt.,Boise St.,Mountain West,2021-22,AQ,False,29,29,29,0,0,0,1,0,0,30.799999999999997,8,East,29.0,86.0,0.7878787878787878,73.0,29.0,1.0,1.0,0.0,3.0,6.0,0.3157894736842105,6.0,-6.0,197.22878787878787,32.0,57.0,Mid-Range (17-34)
2021-22-JacksonvilleSt.,Jacksonville St.,ASUN,2021-22,AQ,False,61,61,61,0,0,0,1,0,0,60.36000000000001,16,East,143.0,291.0,0.6551724137931034,273.0,61.0,0.0,1.0,0.0,0.0,2.0,0.0,8.0,-24.0,98.65172413793103,57.6,148.0,Tail (61-68)
2021-22-Vermont,Vermont,America East,2021-22,AQ,False,53,53,53,0,0,0,1,0,0,53.00000000000001,14,East,52.0,334.0,0.84375,315.0,45.0,0.0,1.0,0.0,0.0,1.0,0.0,8.0,-16.0,121.7375,57.8,282.0,Bottom (53-60)
2021-22-SaintPeter's,Saint Peter's,MAAC,2021-22,AQ,False,60,60,60,0,0,0,1,0,0,58.08,15,Midwest,124.0,235.0,0.6206896551724138,207.0,55.0,0.0,1.0,0.0,0.0,3.0,0.0,18.0,-58.0,119.05689655172414,60.4,111.0,Bottom (53-60)
2021-22-Marquette,Marquette,Big East,2021-22,AL,False,35,35,35,0,0,0,1,0,0,37.28,9,South,42.0,23.0,0.6129032258064516,19.0,40.0,1.0,0.0,1.0,7.0,5.0,0.56,0.0,38.0,214.77903225806452,23.944444444444443,-19.0,Upper-Mid (35-44)
2021-22-Delaware,Delaware,CAA,2021-22,AQ,False,59,59,59,0,0,0,1,0,0,59.08,15,South,137.0,234.0,0.6363636363636364,183.0,59.0,0.0,1.0,0.0,0.0,2.0,0.0,20.0,-56.0,114.91363636363636,56.0,97.0,Bottom (53-60)
2021-22-VirginiaTech,Virginia Tech,ACC,2021-22,AQ,False,46,46,46,0,0,0,1,0,0,43.84,12,West,27.0,71.0,0.6571428571428571,77.0,27.0,1.0,1.0,0.0,5.0,3.0,0.5882352941176471,7.0,16.0,204.37142857142857,29.0,44.0,Mid-Bottom (45-52)
2021-22-Yale,Yale,Ivy League,2021-22,AQ,False,56,56,56,0,0,0,1,0,0,56.44000000000001,14,Midwest,142.0,167.0,0.6206896551724138,181.0,60.0,0.0,1.0,0.0,0.0,4.0,0.0,17.0,-56.0,130.25689655172414,55.0,25.0,Bottom (53-60)
2021-22-Kentucky,Kentucky,SEC,2021-22,AL,False,6,6,6,0,0,0,1,0,0,4.880000000000001,2,West,5.0,19.0,0.7878787878787878,42.0,5.0,1.0,0.0,1.0,7.0,9.0,0.42424242424242425,0.0,38.0,230.37878787878788,22.54054054054054,14.0,2-Seeds (5-8)
2021-22-Gonzaga,Gonzaga,WCC,2021-22,AQ,False,1,1,1,0,0,0,1,0,0,1.64,1,East,1.0,59.0,0.896551724137931,102.0,1.0,1.0,1.0,0.0,3.0,10.0,0.2222222222222222,0.0,16.0,214.86551724137928,12.4,58.0,1-Seeds (1-4)
2021-22-Miami(FL),Miami (FL),ACC,2021-22,AL,False,38,38,38,0,0,0,1,0,0,40.76,10,West,62.0,77.0,0.696969696969697,66.0,48.0,1.0,0.0,1.0,3.0,4.0,0.4,9.0,2.0,187.01969696969698,27.761904761904763,15.0,Upper-Mid (35-44)
2021-22-Memphis,Memphis,The American,2021-22,AL,False,36,36,36,0,0,0,1,0,0,36.00000000000001,9,Midwest,33.0,62.0,0.6774193548387096,48.0,33.0,0.0,0.0,1.0,4.0,5.0,0.42105263157894735,8.0,8.0,202.5241935483871,28.5,29.0,Upper-Mid (35-44)
2021-22-ColoradoSt.,Colorado St.,Mountain West,2021-22,AL,False,24,24,24,0,0,0,1,0,0,23.72,6,Midwest,28.0,81.0,0.8275862068965517,80.0,28.0,1.0,0.0,1.0,3.0,5.0,0.35294117647058826,3.0,8.0,199.2258620689655,36.733333333333334,53.0,Mid-Range (17-34)
2022-23-Illinois,Illinois,Big Ten,2022-23,AL,False,36,36,36,0,0,0,1,0,0,37.8,9,Midwest,34.0,30.0,0.625,54.0,34.0,1.0,0.0,1.0,11.0,2.0,0.8148148148148148,0.0,46.0,223.85,24.142857142857142,-4.0,Upper-Mid (35-44)
2022-23-Duke,Duke,ACC,2022-23,AQ,False,18,18,18,0,0,0,1,0,0,17.84,5,West,16.0,57.0,0.7647058823529411,50.0,16.0,1.0,1.0,0.0,6.0,5.0,0.5217391304347826,0.0,28.0,214.7970588235294,29.0,41.0,Mid-Range (17-34)
2022-23-Iona,Iona,MAAC,2022-23,AQ,False,52,52,52,0,0,0,1,0,0,52.92,13,Midwest,58.0,309.0,0.7941176470588235,257.0,49.0,0.0,1.0,0.0,0.0,1.0,0.0,9.0,-22.0,125.49117647058821,60.4,251.0,Mid-Bottom (45-52)
2022-23-Providence,Providence,Big East,2022-23,AL,False,42,42,42,0,0,0,1,0,0,43.92,11,West,56.0,62.0,0.65625,87.0,48.0,1.0,0.0,1.0,8.0,4.0,0.64,3.0,30.0,202.36249999999998,23.944444444444443,6.0,Upper-Mid (35-44)
2022-23-Arizona,Arizona,Pac-12,2022-23,AQ,False,7,7,7,0,0,0,1,0,0,10.040000000000001,2,South,10.0,47.0,0.8235294117647058,43.0,10.0,1.0,1.0,0.0,2.0,9.0,0.17391304347826086,0.0,16.0,211.98529411764707,24.5,37.0,2-Seeds (5-8)
2022-23-Kentucky,Kentucky,SEC,2022-23,AL,False,23,23,23,0,0,0,1,0,0,23.84,6,South,26.0,25.0,0.65625,41.0,26.0,1.0,0.0,1.0,7.0,6.0,0.5185185185185185,9.0,0.0,220.1125,22.54054054054054,-1.0,Mid-Range (17-34)
2022-23-Vermont,Vermont,America East,2022-23,AQ,False,59,59,59,0,0,0,1,0,0,59.0,15,South,109.0,221.0,0.6875,236.0,59.0,0.0,1.0,0.0,0.0,3.0,0.0,6.0,-8.0,128.475,57.8,112.0,Bottom (53-60)
2022-23-NorthernKy.,Northern Ky.,Horizon,2022-23,AQ,False,63,63,63,0,0,0,1,0,0,63.0,16,South,154.0,272.0,0.625,223.0,63.0,0.0,1.0,0.0,0.0,2.0,0.0,8.0,-16.0,99.35,60.4,118.0,Tail (61-68)
2022-23-KennesawSt.,Kennesaw St.,ASUN,2022-23,AQ,False,55,55,55,0,0,0,1,0,0,54.44000000000001,14,South,115.0,180.0,0.7419354838709677,195.0,61.0,0.0,1.0,0.0,0.0,4.0,0.0,10.0,-20.0,137.06935483870967,57.6,65.0,Bottom (53-60)
2022-23-Memphis,Memphis,The American,2022-23,AQ,False,29,29,29,0,0,0,1,0,0,23.560000000000002,8,East,23.0,67.0,0.7647058823529411,68.0,23.0,0.0,1.0,0.0,4.0,4.0,0.47058823529411764,7.0,8.0,206.4470588235294,25.0,44.0,Mid-Range (17-34)
2022-23-Maryland,Maryland,Big Ten,2022-23,AL,False,31,31,31,0,0,0,1,0,0,35.64,8,South,31.0,36.0,0.6363636363636364,54.0,31.0,1.0,0.0,1.0,10.0,3.0,0.7407407407407407,0.0,44.0,221.51363636363638,24.142857142857142,5.0,Mid-Range (17-34)
2022-23-Gonzaga,Gonzaga,WCC,2022-23,AQ,False,10,10,10,0,0,0,1,0,0,8.44,3,West,6.0,56.0,0.84375,50.0,6.0,1.0,1.0,0.0,4.0,6.0,0.38095238095238093,8.0,10.0,215.33749999999998,12.4,50.0,3-Seeds (9-12)
2022-23-Tennessee,Tennessee,SEC,2022-23,AL,False,14,14,14,0,0,0,1,0,0,10.879999999999999,4,West,4.0,32.0,0.696969696969697,31.0,4.0,1.0,0.0,1.0,7.0,7.0,0.4827586206896552,0.0,34.0,226.56969696969696,22.54054054054054,28.0,4-Seeds (13-16)
2022-23-Creighton,Creighton,Big East,2022-23,AL,False,22,22,22,0,0,0,1,0,0,27.0,6,West,17.0,26.0,0.6363636363636364,21.0,17.0,1.0,0.0,1.0,9.0,3.0,0.72,5.0,30.0,226.91363636363636,23.944444444444443,9.0,Mid-Range (17-34)
2022-23-Pittsburgh,Pittsburgh,ACC,2022-23,AL,False,44,44,44,0,0,0,1,0,0,46.92,11,Midwest,67.0,90.0,0.6666666666666666,100.0,52.0,1.0,0.0,1.0,4.0,4.0,0.47058823529411764,15.0,-24.0,183.71666666666667,27.761904761904763,23.0,Upper-Mid (35-44)
2022-23-UConn,UConn,Big East,2022-23,AL,False,13,13,13,0,0,0,1,0,0,10.72,4,East,8.0,42.0,0.7575757575757576,50.0,8.0,1.0,0.0,1.0,6.0,7.0,0.4444444444444444,4.0,18.0,221.27575757575755,23.944444444444443,34.0,4-Seeds (13-16)
2022-23-Princeton,Princeton,Ivy League,2022-23,AQ,False,61,61,61,0,0,0,1,0,0,60.080000000000005,16,East,111.0,264.0,0.7037037037037037,199.0,60.0,0.0,1.0,0.0,0.0,1.0,0.0,17.0,-48.0,117.68703703703703,55.0,153.0,Tail (61-68)
2022-23-UtahSt.,Utah St.,Mountain West,2022-23,AL,False,40,40,40,0,0,0,1,0,0,31.76,10,Midwest,18.0,73.0,0.7575757575757576,22.0,18.0,1.0,0.0,1.0,5.0,2.0,0.6666666666666666,1.0,18.0,208.12575757575755,36.733333333333334,55.0,Upper-Mid (35-44)
2022-23-WestVirginia,West Virginia,Big 12,2022-23,AL,False,34,34,34,0,0,0,1,0,0,29.44,9,West,25.0,5.0,0.5757575757575758,3.0,25.0,1.0,0.0,1.0,13.0,6.0,0.6666666666666666,0.0,54.0,236.65757575757576,18.5,-20.0,Mid-Range (17-34)
2022-23-UNCAsheville,UNC Asheville,Big South,2022-23,AQ,False,62,62,62,0,0,0,1,0,0,62.00000000000001,16,West,140.0,311.0,0.78125,306.0,62.0,0.0,1.0,0.0,1.0,1.0,0.4,7.0,-16.0,98.0625,56.2,171.0,Tail (61-68)
2022-23-IowaSt.,Iowa St.,Big 12,2022-23,AL,False,21,21,21,0,0,0,1,0,0,18.240000000000002,6,East,20.0,4.0,0.59375,10.0,20.0,1.0,0.0,1.0,11.0,10.0,0.5116279069767442,0.0,48.0,234.9375,18.5,-16.0,Mid-Range (17-34)
2022-23-TexasA&M,Texas A&M,SEC,2022-23,AL,False,25,25,25,0,0,0,1,0,0,15.08,7,East,19.0,43.0,0.7352941176470589,54.0,19.0,1.0,0.0,1.0,6.0,7.0,0.4444444444444444,7.0,-2.0,216.85294117647058,22.54054054054054,24.0,Mid-Range (17-34)
2022-23-Auburn,Auburn,SEC,2022-23,AL,False,35,35,35,0,0,0,1,0,0,33.28,9,South,32.0,18.0,0.625,14.0,32.0,1.0,0.0,1.0,10.0,3.0,0.7407407407407407,8.0,26.0,225.54999999999998,22.54054054054054,-14.0,Upper-Mid (35-44)
2022-23-Nevada,Nevada,Mountain West,2022-23,AL,False,46,46,46,0,0,0,1,0,0,44.720000000000006,12,West,37.0,71.0,0.6774193548387096,31.0,37.0,1.0,0.0,1.0,5.0,4.0,0.5263157894736842,11.0,4.0,201.07419354838711,36.733333333333334,34.0,Mid-Bottom (45-52)
2022-23-Texas,Texas,Big 12,2022-23,AQ,False,6,6,6,0,0,0,1,0,0,6.0,2,West,7.0,6.0,0.7647058823529411,8.0,7.0,1.0,1.0,0.0,14.0,8.0,0.6222222222222222,0.0,64.0,246.6970588235294,6.2,-1.0,2-Seeds (5-8)
2022-23-SaintMary's(CA),Saint Mary's (CA),WCC,2022-23,AL,False,19,19,19,0,0,0,1,0,0,19.000000000000004,5,South,11.0,77.0,0.78125,45.0,11.0,1.0,0.0,1.0,3.0,2.0,0.5454545454545454,11.0,-6.0,205.71249999999998,24.333333333333332,66.0,Mid-Range (17-34)
2022-23-GrandCanyon,Grand Canyon,WAC,2022-23,AQ,False,57,57,57,0,0,0,1,0,0,57.36,15,East,104.0,157.0,0.65625,114.0,58.0,0.0,1.0,0.0,2.0,1.0,0.5714285714285714,18.0,-46.0,149.9125,53.4,53.0,Bottom (53-60)
2022-23-KansasSt.,Kansas St.,Big 12,2022-23,AL,False,11,11,11,0,0,0,1,0,0,13.64,3,South,24.0,16.0,0.71875,18.0,24.0,1.0,0.0,1.0,8.0,9.0,0.45714285714285713,0.0,34.0,225.6875,18.5,-8.0,3-Seeds (9-12)
2022-23-Iowa,Iowa,Big Ten,2022-23,AL,False,32,32,32,0,0,0,1,0,0,38.92,8,Midwest,39.0,23.0,0.59375,26.0,38.0,1.0,0.0,1.0,7.0,4.0,0.6086956521739131,6.0,12.0,215.5375,24.142857142857142,-16.0,Mid-Range (17-34)
2022-23-Marquette,Marquette,Big East,2022-23,AQ,False,8,8,8,0,0,0,1,0,0,8.280000000000001,2,Midwest,12.0,45.0,0.8235294117647058,50.0,12.0,1.0,1.0,0.0,5.0,8.0,0.37037037037037035,6.0,20.0,217.78529411764703,14.2,33.0,2-Seeds (5-8)
2022-23-UCLA,UCLA,Pac-12,2022-23,AL,False,5,5,5,0,0,0,1,0,0,3.36,2,East,3.0,46.0,0.8529411764705882,30.0,3.0,1.0,0.0,1.0,5.0,8.0,0.37037037037037035,0.0,38.0,220.97941176470587,25.666666666666668,43.0,2-Seeds (5-8)
2022-23-Indiana,Indiana,Big Ten,2022-23,AL,False,15,15,15,0,0,0,1,0,0,19.64,4,South,30.0,12.0,0.6666666666666666,18.0,30.0,1.0,0.0,1.0,9.0,6.0,0.5806451612903226,0.0,40.0,226.16666666666666,24.142857142857142,-18.0,4-Seeds (13-16)
2022-23-FDU,FDU,NEC,2022-23,AQ,False,68,68,68,0,0,0,1,0,0,68.0,17,Midwest,301.0,363.0,0.53125,363.0,68.0,0.0,1.0,0.0,0.0,1.0,0.0,13.0,-50.0,24.2125,67.0,62.0,Tail (61-68)
2022-23-NCState,NC State,ACC,2022-23,AL,False,41,41,41,0,0,0,1,0,0,42.28,11,East,45.0,78.0,0.696969696969697,83.0,41.0,1.0,0.0,1.0,6.0,1.0,0.8,0.0,32.0,198.71969696969697,27.761904761904763,33.0,Upper-Mid (35-44)
2022-23-ArizonaSt.,Arizona St.,Pac-12,2022-23,AL,False,45,45,45,0,0,0,1,0,0,44.0,12,East,66.0,55.0,0.6470588235294118,59.0,51.0,1.0,0.0,1.0,6.0,5.0,0.5217391304347826,8.0,2.0,196.6205882352941,25.666666666666668,-11.0,Mid-Bottom (45-52)
2022-23-Fla.Atlantic,Fla. Atlantic,CUSA,2022-23,AQ,False,33,33,33,0,0,0,1,0,0,32.28,9,East,13.0,152.0,0.90625,124.0,13.0,0.0,1.0,0.0,1.0,2.0,0.2857142857142857,0.0,8.0,183.5125,48.6,139.0,Mid-Range (17-34)
2022-23-OralRoberts,Oral Roberts,Summit League,2022-23,AQ,False,48,48,48,0,0,0,1,0,0,47.16,12,Midwest,36.0,202.0,0.8666666666666667,262.0,36.0,0.0,1.0,0.0,0.0,4.0,0.0,0.0,2.0,160.56666666666663,56.6,166.0,Mid-Bottom (45-52)
2022-23-BoiseSt.,Boise St.,Mountain West,2022-23,AL,False,37,37,37,0,0,0,1,0,0,36.720000000000006,10,East,29.0,60.0,0.71875,45.0,29.0,1.0,0.0,1.0,5.0,3.0,0.5882352941176471,6.0,12.0,206.8375,36.733333333333334,31.0,Upper-Mid (35-44)
2022-23-Missouri,Missouri,SEC,2022-23,AL,False,27,27,27,0,0,0,1,0,0,25.880000000000003,7,South,42.0,35.0,0.7272727272727273,61.0,40.0,1.0,0.0,1.0,9.0,6.0,0.5806451612903226,0.0,44.0,216.8227272727273,22.54054054054054,-7.0,Mid-Range (17-34)
2022-23-Virginia,Virginia,ACC,2022-23,AL,False,16,16,16,0,0,0,1,0,0,17.080000000000002,4,Midwest,27.0,72.0,0.78125,76.0,27.0,1.0,0.0,1.0,5.0,5.0,0.47619047619047616,5.0,12.0,205.2625,27.761904761904763,45.0,4-Seeds (13-16)
2022-23-Purdue,Purdue,Big Ten,2022-23,AQ,False,4,4,4,0,0,0,1,0,0,3.08,1,Midwest,5.0,20.0,0.8529411764705882,16.0,5.0,1.0,1.0,0.0,4.0,10.0,0.27586206896551724,0.0,18.0,224.77941176470588,11.2,15.0,1-Seeds (1-4)
2022-23-Houston,Houston,The American,2022-23,AL,False,2,2,2,0,0,0,1,0,0,1.64,1,West,1.0,92.0,0.9117647058823529,93.0,1.0,0.0,0.0,1.0,2.0,7.0,0.21052631578947367,7.0,10.0,204.7676470588235,28.5,91.0,1-Seeds (1-4)
2022-23-Colgate,Colgate,Patriot,2022-23,AQ,False,60,60,60,0,0,0,1,0,0,58.36,15,Midwest,101.0,345.0,0.7575757575757576,324.0,56.0,0.0,1.0,0.0,0.0,1.0,0.0,4.0,-10.0,100.97575757575757,59.4,244.0,Bottom (53-60)
2022-23-Howard,Howard,MEAC,2022-23,AQ,False,64,64,64,0,0,0,1,0,0,65.0,16,Midwest,214.0,296.0,0.6129032258064516,293.0,65.0,0.0,1.0,0.0,0.0,3.0,0.0,7.0,-20.0,72.2290322580645,65.0,82.0,Tail (61-68)
2022-23-PennSt.,Penn St.,Big Ten,2022-23,AL,False,38,38,38,0,0,0,1,0,0,35.92000000000001,10,West,48.0,21.0,0.6285714285714286,18.0,42.0,1.0,0.0,1.0,7.0,7.0,0.4827586206896552,4.0,30.0,213.33571428571426,24.142857142857142,-27.0,Upper-Mid (35-44)
2022-23-MichiganSt.,Michigan St.,Big Ten,2022-23,AL,False,26,26,26,0,0,0,1,0,0,27.560000000000002,7,West,33.0,7.0,0.6129032258064516,3.0,33.0,1.0,0.0,1.0,9.0,5.0,0.6206896551724138,2.0,36.0,225.8290322580645,24.142857142857142,-26.0,Mid-Range (17-34)
2022-23-TCU,TCU,Big 12,2022-23,AL,False,24,24,24,0,0,0,1,0,0,24.0,6,Midwest,28.0,11.0,0.6363636363636364,40.0,28.0,1.0,0.0,1.0,11.0,8.0,0.5641025641025641,8.0,22.0,230.81363636363636,18.5,-17.0,Mid-Range (17-34)
2023-24-Nevada,Nevada,Mountain West,2023-24,AL,False,37,37,37,0,0,0,1,0,0,27.16,10,East,34.0,88.0,0.78125,94.0,32.0,1.0,0.0,1.0,6.0,6.0,0.48,8.0,12.0,200.9125,36.733333333333334,54.0,Upper-Mid (35-44)
2023-24-SaintMary's(CA),Saint Mary's (CA),WCC,2023-24,AQ,False,20,20,20,0,0,0,1,0,0,21.16,5,Midwest,16.0,102.0,0.78125,106.0,16.0,1.0,1.0,0.0,3.0,5.0,0.35294117647058826,5.0,6.0,197.71249999999998,12.4,86.0,Mid-Range (17-34)
2023-24-McNeese,McNeese,Southland,2023-24,AQ,False,49,49,49,0,0,0,1,0,0,48.92,13,East,56.0,338.0,0.896551724137931,323.0,46.0,0.0,1.0,0.0,1.0,0.0,0.6666666666666666,1.0,4.0,121.86551724137931,57.2,282.0,Mid-Bottom (45-52)
2023-24-Vermont,Vermont,America East,2023-24,AQ,False,51,51,51,0,0,0,1,0,0,54.28000000000001,13,South,102.0,285.0,0.8125,222.0,53.0,0.0,1.0,0.0,0.0,2.0,0.0,10.0,-18.0,116.175,57.8,183.0,Mid-Bottom (45-52)
2023-24-Duke,Duke,ACC,2023-24,AL,False,13,13,13,0,0,0,1,0,0,15.64,4,East,10.0,71.0,0.75,59.0,10.0,1.0,0.0,1.0,4.0,5.0,0.42105263157894735,0.0,24.0,209.25,27.761904761904763,61.0,4-Seeds (13-16)
2023-24-BoiseSt.,Boise St.,Mountain West,2023-24,AL,False,38,38,38,0,0,0,1,0,0,33.08,10,West,26.0,51.0,0.6666666666666666,50.0,26.0,1.0,0.0,1.0,5.0,6.0,0.43478260869565216,3.0,22.0,209.91666666666666,36.733333333333334,25.0,Upper-Mid (35-44)
2023-24-Dayton,Dayton,Atlantic 10,2023-24,AL,False,28,28,28,0,0,0,1,0,0,26.16,7,Midwest,23.0,92.0,0.7741935483870968,80.0,23.0,0.0,0.0,1.0,4.0,3.0,0.5333333333333333,0.0,22.0,199.69193548387096,35.666666666666664,69.0,Mid-Range (17-34)
2023-24-MississippiSt.,Mississippi St.,SEC,2023-24,AL,False,32,32,32,0,0,0,1,0,0,37.92000000000001,8,Midwest,31.0,28.0,0.6176470588235294,25.0,30.0,1.0,0.0,1.0,9.0,4.0,0.6666666666666666,6.0,18.0,221.3264705882353,22.54054054054054,-3.0,Mid-Range (17-34)
2023-24-IowaSt.,Iowa St.,Big 12,2023-24,AQ,False,8,8,8,0,0,0,1,0,0,4.08,2,Midwest,6.0,16.0,0.7941176470588235,59.0,6.0,1.0,1.0,0.0,6.0,10.0,0.36363636363636365,0.0,26.0,228.8411764705882,6.2,10.0,2-Seeds (5-8)
2023-24-Arizona,Arizona,Pac-12,2023-24,AL,False,6,6,6,0,0,0,1,0,0,7.0,2,West,4.0,49.0,0.7575757575757576,11.0,4.0,1.0,0.0,1.0,3.0,8.0,0.2608695652173913,8.0,4.0,214.92575757575756,25.666666666666668,45.0,2-Seeds (5-8)
2023-24-Drake,Drake,MVC,2023-24,AQ,False,40,40,40,0,0,0,1,0,0,40.88,10,Midwest,47.0,130.0,0.8181818181818182,108.0,40.0,0.0,1.0,0.0,1.0,4.0,0.18181818181818182,9.0,-8.0,176.2318181818182,40.4,83.0,Upper-Mid (35-44)
2023-24-Howard,Howard,MEAC,2023-24,AQ,False,67,67,67,0,0,0,1,0,0,67.64,17,South,273.0,336.0,0.5,343.0,66.0,0.0,1.0,0.0,0.0,1.0,0.0,8.0,-30.0,40.449999999999996,65.0,63.0,Tail (61-68)
2023-24-Samford,Samford,SoCon,2023-24,AQ,False,53,53,53,0,0,0,1,0,0,50.64,14,East,74.0,260.0,0.84375,213.0,49.0,0.0,1.0,0.0,0.0,2.0,0.0,10.0,-16.0,132.5375,54.2,186.0,Bottom (53-60)
2023-24-Colgate,Colgate,Patriot,2023-24,AQ,False,58,58,58,0,0,0,1,0,0,57.36000000000001,15,West,125.0,270.0,0.7272727272727273,323.0,57.0,0.0,1.0,0.0,0.0,2.0,0.0,5.0,-10.0,111.02272727272728,59.4,145.0,Bottom (53-60)
2023-24-Yale,Yale,Ivy League,2023-24,AQ,False,52,52,52,0,0,0,1,0,0,52.0,13,Midwest,83.0,134.0,0.6896551724137931,128.0,51.0,0.0,1.0,0.0,0.0,3.0,0.0,17.0,-44.0,159.14655172413794,55.0,51.0,Mid-Bottom (45-52)
2023-24-Gonzaga,Gonzaga,WCC,2023-24,AL,False,21,21,21,0,0,0,1,0,0,22.16,6,East,17.0,91.0,0.7741935483870968,119.0,17.0,1.0,0.0,1.0,6.0,3.0,0.631578947368421,0.0,26.0,206.04193548387096,24.333333333333332,74.0,Mid-Range (17-34)
2023-24-NorthCarolina,North Carolina,ACC,2023-24,AL,False,4,4,4,0,0,0,1,0,0,5.200000000000001,1,Midwest,8.0,32.0,0.7941176470588235,13.0,8.0,1.0,0.0,1.0,3.0,9.0,0.24,0.0,20.0,218.14117647058822,27.761904761904763,24.0,1-Seeds (1-4)
2023-24-Kentucky,Kentucky,SEC,2023-24,AL,False,11,11,11,0,0,0,1,0,0,17.0,3,South,18.0,56.0,0.71875,59.0,18.0,1.0,0.0,1.0,7.0,6.0,0.5185185185185185,8.0,14.0,215.98749999999998,22.54054054054054,38.0,3-Seeds (9-12)
2023-24-Colorado,Colorado,Pac-12,2023-24,AL,False,39,39,39,0,0,0,1,0,0,28.080000000000002,10,South,25.0,81.0,0.7058823529411765,55.0,25.0,1.0,0.0,1.0,5.0,4.0,0.5263157894736842,0.0,30.0,203.05882352941177,25.666666666666668,56.0,Upper-Mid (35-44)
2023-24-SanDiegoSt.,San Diego St.,Mountain West,2023-24,AL,False,18,18,18,0,0,0,1,0,0,25.200000000000003,5,West,20.0,25.0,0.6875,19.0,20.0,1.0,0.0,1.0,9.0,4.0,0.6666666666666666,0.0,38.0,226.725,36.733333333333334,5.0,Mid-Range (17-34)
2023-24-Duquesne,Duquesne,Atlantic 10,2023-24,AQ,False,46,46,46,0,0,0,1,0,0,48.92,12,West,80.0,96.0,0.6764705882352942,85.0,50.0,0.0,1.0,0.0,3.0,2.0,0.5454545454545454,5.0,12.0,176.06470588235294,45.4,16.0,Mid-Bottom (45-52)
2023-24-Kansas,Kansas,Big 12,2023-24,AL,False,14,14,14,0,0,0,1,0,0,13.280000000000001,4,West,19.0,2.0,0.6774193548387096,7.0,19.0,1.0,0.0,1.0,9.0,7.0,0.5454545454545454,4.0,40.0,232.7241935483871,18.5,-17.0,4-Seeds (13-16)
2023-24-Tennessee,Tennessee,SEC,2023-24,AL,False,5,5,5,0,0,0,1,0,0,5.720000000000001,2,East,7.0,10.0,0.75,9.0,7.0,1.0,0.0,1.0,7.0,8.0,0.45161290322580644,0.0,30.0,231.54999999999998,22.54054054054054,3.0,2-Seeds (5-8)
2023-24-Creighton,Creighton,Big East,2023-24,AL,False,10,10,10,0,0,0,1,0,0,11.84,3,West,11.0,27.0,0.71875,47.0,11.0,1.0,0.0,1.0,5.0,8.0,0.37037037037037035,0.0,28.0,221.58749999999998,23.944444444444443,16.0,3-Seeds (9-12)
2023-24-UAB,UAB,The American,2023-24,AQ,False,50,50,50,0,0,0,1,0,0,49.519999999999996,13,West,104.0,114.0,0.6666666666666666,98.0,54.0,0.0,1.0,0.0,0.0,4.0,0.0,15.0,-36.0,156.86666666666665,25.0,10.0,Mid-Bottom (45-52)
2023-24-Col.ofCharleston,Col. of Charleston,CAA,2023-24,AQ,False,54,54,54,0,0,0,1,0,0,53.00000000000001,14,West,97.0,268.0,0.7878787878787878,200.0,52.0,0.0,1.0,0.0,0.0,1.0,0.0,11.0,-18.0,121.92878787878787,56.0,171.0,Bottom (53-60)
2023-24-MichiganSt.,Michigan St.,Big Ten,2023-24,AL,False,33,33,33,0,0,0,1,0,0,34.760000000000005,9,East,24.0,14.0,0.5757575757575758,7.0,24.0,1.0,0.0,1.0,9.0,3.0,0.72,0.0,46.0,226.85757575757575,24.142857142857142,-10.0,Mid-Range (17-34)
2023-24-UtahSt.,Utah St.,Mountain West,2023-24,AL,False,30,30,30,0,0,0,1,0,0,31.360000000000003,8,West,38.0,90.0,0.8064516129032258,92.0,35.0,1.0,0.0,1.0,5.0,4.0,0.5263157894736842,0.0,22.0,197.26451612903224,36.733333333333334,52.0,Mid-Range (17-34)
2023-24-Oakland,Oakland,Horizon,2023-24,AQ,False,55,55,55,0,0,0,1,0,0,57.64,14,South,126.0,157.0,0.6764705882352942,181.0,58.0,0.0,1.0,0.0,5.0,1.0,0.7692307692307693,7.0,8.0,148.4147058823529,60.4,31.0,Bottom (53-60)
2023-24-Fla.Atlantic,Fla. Atlantic,The American,2023-24,AL,False,31,31,31,0,0,0,1,0,0,36.080000000000005,8,South,39.0,99.0,0.7575757575757576,90.0,36.0,0.0,0.0,1.0,2.0,2.0,0.4444444444444444,15.0,-30.0,188.17575757575756,28.5,60.0,Mid-Range (17-34)
2023-24-BYU,BYU,Big 12,2023-24,AL,False,17,17,17,0,0,0,1,0,0,14.52,5,East,12.0,40.0,0.696969696969697,59.0,12.0,1.0,0.0,1.0,8.0,6.0,0.5517241379310345,0.0,36.0,223.76969696969695,18.5,28.0,Mid-Range (17-34)
2023-24-Wagner,Wagner,NEC,2023-24,AQ,False,68,68,68,0,0,0,1,0,0,67.36,17,Midwest,290.0,351.0,0.4827586206896552,355.0,68.0,0.0,1.0,0.0,0.0,2.0,0.0,14.0,-50.0,30.57758620689655,67.0,61.0,Tail (61-68)
2023-24-Purdue,Purdue,Big Ten,2023-24,AL,False,3,3,3,0,0,0,1,0,0,1.72,1,South,3.0,8.0,0.8787878787878788,2.0,3.0,1.0,0.0,1.0,4.0,12.0,0.24242424242424243,0.0,32.0,228.73787878787877,24.142857142857142,5.0,1-Seeds (1-4)
2023-24-Grambling,Grambling,SWAC,2023-24,AQ,False,66,66,66,0,0,0,1,0,0,65.36,17,West,279.0,169.0,0.5483870967741935,323.0,67.0,0.0,1.0,0.0,0.0,6.0,0.0,8.0,-28.0,80.58387096774193,66.4,-110.0,Tail (61-68)
2023-24-Stetson,Stetson,ASUN,2023-24,AQ,False,64,64,64,0,0,0,1,0,0,63.0,16,Midwest,209.0,243.0,0.6129032258064516,272.0,65.0,0.0,1.0,0.0,2.0,1.0,0.5714285714285714,8.0,-24.0,91.2290322580645,57.6,34.0,Tail (61-68)
2023-24-Texas,Texas,Big 12,2023-24,AL,False,27,27,27,0,0,0,1,0,0,24.36,7,South,30.0,17.0,0.625,36.0,29.0,1.0,0.0,1.0,9.0,5.0,0.6206896551724138,5.0,30.0,224.5,18.5,-13.0,Mid-Range (17-34)
2023-24-Akron,Akron,MAC,2023-24,AQ,False,56,56,56,0,0,0,1,0,0,55.36000000000001,14,Midwest,108.0,212.0,0.6875,200.0,56.0,0.0,1.0,0.0,0.0,3.0,0.0,8.0,-14.0,131.075,53.0,104.0,Bottom (53-60)
2023-24-TexasA&M,Texas A&M,SEC,2023-24,AL,False,34,34,34,0,0,0,1,0,0,38.919999999999995,9,West,45.0,18.0,0.5882352941176471,36.0,39.0,1.0,0.0,1.0,7.0,7.0,0.4827586206896552,2.0,30.0,214.63235294117646,22.54054054054054,-27.0,Mid-Range (17-34)
2023-24-Illinois,Illinois,Big Ten,2023-24,AQ,False,12,12,12,0,0,0,1,0,0,9.800000000000002,3,Midwest,13.0,35.0,0.7647058823529411,27.0,13.0,1.0,1.0,0.0,6.0,8.0,0.41379310344827586,7.0,12.0,221.5470588235294,11.2,22.0,3-Seeds (9-12)
2023-24-ColoradoSt.,Colorado St.,Mountain West,2023-24,AL,False,44,44,44,0,0,0,1,0,0,41.08,11,Midwest,36.0,60.0,0.6875,48.0,34.0,1.0,0.0,1.0,7.0,6.0,0.5185185185185185,7.0,18.0,208.27499999999998,36.733333333333334,24.0,Upper-Mid (35-44)
2023-24-Florida,Florida,SEC,2023-24,AL,False,25,25,25,0,0,0,1,0,0,20.64,7,East,29.0,30.0,0.6857142857142857,34.0,28.0,1.0,0.0,1.0,8.0,6.0,0.5517241379310345,9.0,18.0,219.90714285714284,22.54054054054054,1.0,Mid-Range (17-34)
2023-24-JamesMadison,James Madison,Sun Belt,2023-24,AQ,False,48,48,48,0,0,0,1,0,0,47.0,12,Midwest,52.0,320.0,0.9090909090909091,293.0,43.0,0.0,1.0,0.0,1.0,1.0,0.4,7.0,-10.0,127.89090909090909,57.8,268.0,Mid-Bottom (45-52)
2023-24-TCU,TCU,Big 12,2023-24,AL,False,35,35,35,0,0,0,1,0,0,34.28,9,South,42.0,26.0,0.6363636363636364,80.0,37.0,1.0,0.0,1.0,11.0,5.0,0.6666666666666666,0.0,46.0,222.16363636363639,18.5,-16.0,Upper-Mid (35-44)
2023-24-TexasTech,Texas Tech,Big 12,2023-24,AL,False,23,23,23,0,0,0,1,0,0,18.640000000000004,6,South,27.0,29.0,0.696969696969697,30.0,27.0,1.0,0.0,1.0,9.0,6.0,0.5806451612903226,0.0,38.0,223.36969696969695,18.5,2.0,Mid-Range (17-34)
2023-24-Auburn,Auburn,SEC,2023-24,AQ,False,15,15,15,0,0,0,1,0,0,10.240000000000002,4,South,5.0,64.0,0.7941176470588235,36.0,5.0,1.0,1.0,0.0,7.0,3.0,0.6666666666666666,0.0,48.0,219.19117647058823,7.0,59.0,4-Seeds (13-16)
2023-24-Houston,Houston,Big 12,2023-24,AL,False,2,2,2,0,0,0,1,0,0,1.2800000000000002,1,West,1.0,11.0,0.8823529411764706,10.0,1.0,1.0,0.0,1.0,16.0,4.0,0.7804878048780488,0.0,70.0,252.72352941176467,18.5,10.0,1-Seeds (1-4)
2023-24-Nebraska,Nebraska,Big Ten,2023-24,AL,False,29,29,29,0,0,0,1,0,0,28.839999999999996,8,East,33.0,67.0,0.696969696969697,59.0,31.0,1.0,0.0,1.0,7.0,4.0,0.6086956521739131,0.0,34.0,207.66969696969696,24.142857142857142,34.0,Mid-Range (17-34)
2024-25-MississippiSt.,Mississippi St.,SEC,2024-25,AL,False,32,32,32,0,0,0,1,0,0,30.720000000000002,8,Midwest,34.0,15.0,0.6363636363636364,22.0,34.0,1.0,0.0,1.0,10.0,7.0,0.5714285714285714,0.0,44.0,225.71363636363637,22.54054054054054,-19.0,Mid-Range (17-34)
2024-25-Missouri,Missouri,SEC,2024-25,AL,False,23,23,23,0,0,0,1,0,0,24.68,6,South,16.0,20.0,0.6666666666666666,55.0,16.0,1.0,0.0,1.0,11.0,7.0,0.5945945945945946,0.0,50.0,233.06666666666663,22.54054054054054,4.0,Mid-Range (17-34)
2024-25-McNeese,McNeese,Southland,2024-25,AQ,False,49,49,49,0,0,0,1,0,0,49.36,13,East,58.0,218.0,0.8064516129032258,195.0,49.0,0.0,1.0,0.0,0.0,2.0,0.0,6.0,-8.0,148.26451612903224,57.2,160.0,Mid-Bottom (45-52)
2024-25-Arkansas,Arkansas,SEC,2024-25,AL,False,37,37,37,0,0,0,1,0,0,39.480000000000004,10,East,40.0,23.0,0.6060606060606061,38.0,40.0,1.0,0.0,1.0,10.0,5.0,0.6451612903225806,0.0,46.0,221.31060606060606,22.54054054054054,-17.0,Upper-Mid (35-44)
2024-25-Drake,Drake,MVC,2024-25,AQ,False,44,44,44,0,0,0,1,0,0,46.64,11,Midwest,56.0,201.0,0.9032258064516129,138.0,48.0,0.0,1.0,0.0,2.0,0.0,0.8,11.0,-6.0,158.1822580645161,40.4,145.0,Upper-Mid (35-44)
2024-25-Duke,Duke,ACC,2024-25,AQ,False,2,2,2,0,0,0,1,0,0,1.36,1,West,1.0,57.0,0.9117647058823529,44.0,1.0,1.0,1.0,0.0,3.0,9.0,0.24,0.0,26.0,215.5176470588235,29.0,56.0,1-Seeds (1-4)
2024-25-American,American,Patriot,2024-25,AQ,False,65,65,65,0,0,0,1,0,0,65.0,17,East,226.0,324.0,0.625,314.0,65.0,0.0,1.0,0.0,0.0,1.0,0.0,7.0,-26.0,61.15,59.4,98.0,Tail (61-68)
2024-25-UNCW,UNCW,CAA,2024-25,AQ,False,57,57,57,0,0,0,1,0,0,57.00000000000001,15,East,102.0,329.0,0.78125,251.0,57.0,0.0,1.0,0.0,0.0,1.0,0.0,11.0,-28.0,104.8625,56.0,227.0,Bottom (53-60)
2024-25-Maryland,Maryland,Big Ten,2024-25,AL,False,15,15,15,0,0,0,1,0,0,12.0,4,South,10.0,52.0,0.7575757575757576,59.0,10.0,1.0,0.0,1.0,7.0,8.0,0.45161290322580644,0.0,30.0,220.07575757575756,24.142857142857142,42.0,4-Seeds (13-16)
2024-25-Marquette,Marquette,Big East,2024-25,AL,False,26,26,26,0,0,0,1,0,0,28.360000000000003,7,West,26.0,40.0,0.696969696969697,33.0,26.0,1.0,0.0,1.0,8.0,6.0,0.5517241379310345,0.0,36.0,218.86969696969697,23.944444444444443,14.0,Mid-Range (17-34)
2024-25-Oklahoma,Oklahoma,SEC,2024-25,AL,False,36,36,36,0,0,0,1,0,0,37.56,9,Midwest,43.0,11.0,0.6060606060606061,41.0,42.0,1.0,0.0,1.0,11.0,7.0,0.5945945945945946,2.0,42.0,225.26060606060605,22.54054054054054,-32.0,Upper-Mid (35-44)
2024-25-Michigan,Michigan,Big Ten,2024-25,AQ,False,17,17,17,0,0,0,1,0,0,13.959999999999999,5,East,23.0,22.0,0.7352941176470589,5.0,23.0,1.0,1.0,0.0,7.0,12.0,0.358974358974359,0.0,32.0,223.00294117647056,11.2,-1.0,Mid-Range (17-34)
2024-25-VCU,VCU,Atlantic 10,2024-25,AQ,False,45,45,45,0,0,0,1,0,0,42.160000000000004,12,East,31.0,131.0,0.8181818181818182,113.0,31.0,0.0,1.0,0.0,1.0,2.0,0.2857142857142857,1.0,8.0,181.5818181818182,45.4,100.0,Mid-Bottom (45-52)
2024-25-Akron,Akron,MAC,2024-25,AQ,False,53,53,53,0,0,0,1,0,0,51.440000000000005,14,East,91.0,298.0,0.8125,256.0,54.0,0.0,1.0,0.0,0.0,1.0,0.0,7.0,-10.0,116.77499999999999,53.0,207.0,Bottom (53-60)
2024-25-Alabama,Alabama,SEC,2024-25,AL,False,6,6,6,0,0,0,1,0,0,5.92,2,West,6.0,1.0,0.7575757575757576,1.0,6.0,1.0,0.0,1.0,8.0,11.0,0.41025641025641024,0.0,48.0,236.22575757575754,22.54054054054054,-5.0,2-Seeds (5-8)
2024-25-Florida,Florida,SEC,2024-25,AQ,False,4,4,4,0,0,0,1,0,0,2.4400000000000004,1,Midwest,4.0,18.0,0.8823529411764706,26.0,4.0,1.0,1.0,0.0,4.0,11.0,0.25806451612903225,0.0,34.0,225.9235294117647,7.0,14.0,1-Seeds (1-4)
2024-25-ColoradoSt.,Colorado St.,Mountain West,2024-25,AQ,False,48,48,48,0,0,0,1,0,0,45.36,12,Midwest,47.0,85.0,0.7352941176470589,82.0,44.0,1.0,1.0,0.0,5.0,3.0,0.5882352941176471,4.0,16.0,194.6529411764706,32.0,38.0,Mid-Bottom (45-52)
2024-25-SaintFrancis,Saint Francis,NEC,2024-25,AQ,False,68,68,68,0,0,0,1,0,0,68.0,17,Midwest,297.0,207.0,0.43333333333333335,314.0,68.0,0.0,1.0,0.0,0.0,4.0,0.0,13.0,-48.0,63.63333333333333,67.0,-90.0,Tail (61-68)
2024-25-Illinois,Illinois,Big Ten,2024-25,AL,False,22,22,22,0,0,0,1,0,0,22.48,6,West,17.0,10.0,0.6363636363636364,17.0,17.0,1.0,0.0,1.0,10.0,8.0,0.5405405405405406,0.0,44.0,232.91363636363636,24.142857142857142,-7.0,Mid-Range (17-34)
2024-25-Gonzaga,Gonzaga,WCC,2024-25,AQ,False,30,30,30,0,0,0,1,0,0,23.64,8,West,8.0,74.0,0.7575757575757576,76.0,8.0,1.0,1.0,0.0,5.0,5.0,0.47619047619047616,0.0,26.0,211.27575757575755,12.4,66.0,Mid-Range (17-34)
2024-25-Bryant,Bryant,America East,2024-25,AQ,False,62,62,62,0,0,0,1,0,0,61.28000000000001,16,West,141.0,312.0,0.65625,314.0,60.0,0.0,1.0,0.0,0.0,1.0,0.0,8.0,-26.0,94.21249999999999,57.8,171.0,Tail (61-68)
2024-25-TexasA&M,Texas A&M,SEC,2024-25,AL,False,13,13,13,0,0,0,1,0,0,13.84,4,East,18.0,7.0,0.6875,7.0,18.0,1.0,0.0,1.0,9.0,7.0,0.5454545454545454,0.0,38.0,231.825,22.54054054054054,-11.0,4-Seeds (13-16)
2024-25-BYU,BYU,Big 12,2024-25,AL,False,21,21,21,0,0,0,1,0,0,20.080000000000002,6,East,25.0,45.0,0.7272727272727273,50.0,25.0,1.0,0.0,1.0,7.0,8.0,0.45161290322580644,0.0,32.0,216.1727272727273,18.5,20.0,Mid-Range (17-34)
2024-25-Kansas,Kansas,Big 12,2024-25,AL,False,28,28,28,0,0,0,1,0,0,28.56,7,Midwest,20.0,12.0,0.6363636363636364,4.0,20.0,1.0,0.0,1.0,11.0,6.0,0.6285714285714286,0.0,46.0,233.36363636363637,18.5,-8.0,Mid-Range (17-34)
2024-25-Purdue,Purdue,Big Ten,2024-25,AL,False,14,14,14,0,0,0,1,0,0,19.2,4,West,19.0,13.0,0.6666666666666666,3.0,19.0,1.0,0.0,1.0,10.0,7.0,0.5714285714285714,0.0,42.0,231.76666666666665,24.142857142857142,-6.0,4-Seeds (13-16)
2024-25-UConn,UConn,Big East,2024-25,AL,False,31,31,31,0,0,0,1,0,0,30.28,8,South,32.0,54.0,0.696969696969697,59.0,32.0,1.0,0.0,1.0,6.0,6.0,0.48,4.0,22.0,209.26969696969695,23.944444444444443,22.0,Mid-Range (17-34)
2024-25-UtahSt.,Utah St.,Mountain West,2024-25,AL,False,40,40,40,0,0,0,1,0,0,36.040000000000006,10,Midwest,37.0,86.0,0.78125,89.0,37.0,1.0,0.0,1.0,4.0,2.0,0.6153846153846154,0.0,22.0,196.3625,36.733333333333334,49.0,Upper-Mid (35-44)
2024-25-Liberty,Liberty,CUSA,2024-25,AQ,False,50,50,50,0,0,0,1,0,0,49.64,13,West,60.0,222.0,0.8064516129032258,135.0,50.0,0.0,1.0,0.0,0.0,0.0,0.0,4.0,-4.0,146.56451612903226,48.6,162.0,Mid-Bottom (45-52)
2024-25-TexasTech,Texas Tech,Big 12,2024-25,AL,False,9,9,9,0,0,0,1,0,0,9.000000000000002,3,East,7.0,47.0,0.7575757575757576,35.0,7.0,1.0,0.0,1.0,5.0,10.0,0.3225806451612903,0.0,26.0,218.37575757575755,18.5,40.0,3-Seeds (9-12)
2024-25-MichiganSt.,Michigan St.,Big Ten,2024-25,AL,False,7,7,7,0,0,0,1,0,0,7.280000000000001,2,South,11.0,31.0,0.8181818181818182,18.0,11.0,1.0,0.0,1.0,13.0,5.0,0.7027027027027027,0.0,54.0,237.58181818181816,24.142857142857142,20.0,2-Seeds (5-8)
2024-25-HighPoint,High Point,Big South,2024-25,AQ,False,52,52,52,0,0,0,1,0,0,53.36,13,Midwest,82.0,354.0,0.84375,279.0,52.0,0.0,1.0,0.0,0.0,0.0,0.0,10.0,-22.0,106.2375,56.2,272.0,Mid-Bottom (45-52)
2024-25-NorfolkSt.,Norfolk St.,MEAC,2024-25,AQ,False,63,63,63,0,0,0,1,0,0,63.0,16,South,183.0,245.0,0.6774193548387096,329.0,63.0,0.0,1.0,0.0,0.0,2.0,0.0,7.0,-16.0,96.47419354838709,65.0,62.0,Tail (61-68)
2024-25-Louisville,Louisville,ACC,2024-25,AL,False,29,29,29,0,0,0,1,0,0,17.720000000000002,8,East,24.0,58.0,0.7941176470588235,45.0,24.0,1.0,0.0,1.0,6.0,4.0,0.5714285714285714,0.0,26.0,211.94117647058823,27.761904761904763,34.0,Mid-Range (17-34)
2024-25-Creighton,Creighton,Big East,2024-25,AL,False,33,33,33,0,0,0,1,0,0,32.72,9,East,38.0,53.0,0.7058823529411765,33.0,38.0,1.0,0.0,1.0,6.0,6.0,0.48,0.0,32.0,207.50882352941176,23.944444444444443,15.0,Mid-Range (17-34)
2024-25-Texas,Texas,SEC,2024-25,AL,False,41,41,41,0,0,0,1,0,0,41.0,11,East,39.0,16.0,0.5588235294117647,45.0,39.0,1.0,0.0,1.0,10.0,7.0,0.5714285714285714,0.0,50.0,222.93823529411765,22.54054054054054,-23.0,Upper-Mid (35-44)
2024-25-Arizona,Arizona,Big 12,2024-25,AL,False,16,16,16,0,0,0,1,0,0,18.36,4,Midwest,12.0,4.0,0.6470588235294118,9.0,12.0,1.0,0.0,1.0,11.0,10.0,0.5116279069767442,0.0,46.0,238.2705882352941,18.5,-8.0,4-Seeds (13-16)
2024-25-Houston,Houston,Big 12,2024-25,AQ,False,3,3,3,0,0,0,1,0,0,3.72,1,South,3.0,25.0,0.8823529411764706,12.0,3.0,1.0,1.0,0.0,14.0,3.0,0.8,0.0,58.0,244.52352941176468,6.2,22.0,1-Seeds (1-4)
2024-25-Baylor,Baylor,Big 12,2024-25,AL,False,35,35,35,0,0,0,1,0,0,35.28,9,South,30.0,8.0,0.5625,9.0,30.0,1.0,0.0,1.0,12.0,5.0,0.6857142857142857,1.0,48.0,232.125,18.5,-22.0,Upper-Mid (35-44)
2024-25-Lipscomb,Lipscomb,ASUN,2024-25,AQ,False,55,55,55,0,0,0,1,0,0,54.92000000000001,14,South,84.0,253.0,0.71875,265.0,53.0,0.0,1.0,0.0,0.0,2.0,0.0,8.0,-16.0,129.5375,57.6,169.0,Bottom (53-60)
2024-25-Xavier,Xavier,Big East,2024-25,AL,False,42,42,42,0,0,0,1,0,0,42.92,11,West,45.0,59.0,0.65625,61.0,43.0,1.0,0.0,1.0,9.0,1.0,0.8571428571428571,0.0,40.0,209.0625,23.944444444444443,14.0,Upper-Mid (35-44)
2024-25-Omaha,Omaha,Summit League,2024-25,AQ,False,61,61,61,0,0,0,1,0,0,60.440000000000005,16,East,160.0,233.0,0.625,217.0,62.0,0.0,1.0,0.0,0.0,1.0,0.0,10.0,-28.0,107.0,56.6,73.0,Tail (61-68)
2024-25-St.John's(NY),St. John's (NY),Big East,2024-25,AQ,False,8,8,8,0,0,0,1,0,0,7.72,2,Midwest,13.0,65.0,0.8823529411764706,45.0,13.0,1.0,1.0,0.0,4.0,6.0,0.38095238095238093,0.0,38.0,211.02352941176468,14.2,52.0,2-Seeds (5-8)
2024-25-NorthCarolina,North Carolina,ACC,2024-25,AL,False,46,46,46,0,0,0,1,0,0,43.92,12,West,36.0,42.0,0.6285714285714286,35.0,36.0,1.0,0.0,1.0,12.0,1.0,0.8888888888888888,7.0,50.0,222.18571428571425,27.761904761904763,6.0,Mid-Bottom (45-52)
2024-25-Oregon,Oregon,Big Ten,2024-25,AL,False,19,19,19,0,0,0,1,0,0,19.48,5,South,29.0,29.0,0.7272727272727273,13.0,29.0,1.0,0.0,1.0,7.0,8.0,0.45161290322580644,0.0,32.0,218.87272727272727,24.142857142857142,0.0,Mid-Range (17-34)
2024-25-Montana,Montana,Big Sky,2024-25,AQ,False,58,58,58,0,0,0,1,0,0,58.0,15,West,143.0,146.0,0.7096774193548387,183.0,61.0,0.0,1.0,0.0,0.0,4.0,0.0,4.0,-4.0,135.54677419354837,59.4,3.0,Bottom (53-60)
2024-25-SanDiegoSt.,San Diego St.,Mountain West,2024-25,AL,False,43,43,43,0,0,0,1,0,0,46.28000000000001,11,South,52.0,64.0,0.6896551724137931,65.0,47.0,1.0,0.0,1.0,6.0,3.0,0.631578947368421,4.0,20.0,199.69655172413795,36.733333333333334,12.0,Upper-Mid (35-44)
2024-25-NewMexico,New Mexico,Mountain West,2024-25,AL,False,38,38,38,0,0,0,1,0,0,37.36,10,West,42.0,80.0,0.78125,82.0,41.0,1.0,0.0,1.0,4.0,3.0,0.5333333333333333,4.0,10.0,196.1125,36.733333333333334,38.0,Upper-Mid (35-44)
2024-25-UCLA,UCLA,Big Ten,2024-25,AL,False,25,25,25,0,0,0,1,0,0,24.0,7,East,27.0,34.0,0.6875,45.0,27.0,1.0,0.0,1.0,8.0,9.0,0.45714285714285713,1.0,32.0,219.92499999999998,24.142857142857142,7.0,Mid-Range (17-34)
2024-25-Tennessee,Tennessee,SEC,2024-25,AL,False,5,5,5,0,0,0,1,0,0,5.08,2,East,5.0,6.0,0.7941176470588235,16.0,5.0,1.0,0.0,1.0,7.0,11.0,0.3783783783783784,0.0,38.0,233.69117647058823,22.54054054054054,1.0,2-Seeds (5-8)
2024-25-Troy,Troy,Sun Belt,2024-25,AQ,False,56,56,56,0,0,0,1,0,0,55.44000000000001,14,Midwest,99.0,171.0,0.6774193548387096,222.0,56.0,0.0,1.0,0.0,0.0,3.0,0.0,8.0,-20.0,144.3741935483871,57.8,72.0,Bottom (53-60)
2024-25-SIUE,SIUE,OVC,2024-25,AQ,False,64,64,64,0,0,0,1,0,0,64.0,16,Midwest,216.0,343.0,0.6333333333333333,359.0,64.0,0.0,1.0,0.0,0.0,2.0,0.0,9.0,-32.0,59.98333333333333,54.0,127.0,Tail (61-68)
2024-25-Vanderbilt,Vanderbilt,SEC,2024-25,AL,False,39,39,39,0,0,0,1,0,0,39.28,10,South,48.0,27.0,0.625,54.0,45.0,1.0,0.0,1.0,9.0,5.0,0.6206896551724138,0.0,42.0,215.7,22.54054054054054,-21.0,Upper-Mid (35-44)
2024-25-Georgia,Georgia,SEC,2024-25,AL,False,34,34,34,0,0,0,1,0,0,34.0,9,West,33.0,19.0,0.625,42.0,33.0,1.0,0.0,1.0,11.0,4.0,0.7096774193548387,0.0,46.0,226.95,22.54054054054054,-14.0,Mid-Range (17-34)
2024-25-OleMiss,Ole Miss,SEC,2024-25,AL,False,24,24,24,0,0,0,1,0,0,25.400000000000002,6,Midwest,28.0,5.0,0.6666666666666666,26.0,28.0,1.0,0.0,1.0,10.0,8.0,0.5405405405405406,0.0,42.0,230.61666666666665,22.54054054054054,-23.0,Mid-Range (17-34)
2020-21-Baylor,Baylor,Big 12,2020-21,AL,True,2,2,2,0,0,0,1,0,0,1.0,1,West,2.0,50.0,0.9166666666666666,86.0,2.0,1.0,0.0,1.0,2.0,8.0,0.19047619047619047,0.0,12.0,214.96666666666664,18.5,48.0,1-Seeds (1-4)
2020-21-Arkansas,Arkansas,SEC,2020-21,AL,True,9,9,9,0,0,0,1,0,0,8.280000000000001,3,East,14.0,47.0,0.7857142857142857,61.0,14.0,1.0,0.0,1.0,5.0,6.0,0.43478260869565216,0.0,22.0,216.20714285714286,22.54054054054054,33.0,3-Seeds (9-12)
2020-21-Purdue,Purdue,Big Ten,2020-21,AL,True,14,14,14,0,0,0,1,0,0,14.280000000000001,4,West,22.0,17.0,0.6666666666666666,11.0,22.0,1.0,0.0,1.0,7.0,6.0,0.5185185185185185,3.0,24.0,223.71666666666664,24.142857142857142,-5.0,4-Seeds (13-16)
2020-21-OklahomaSt.,Oklahoma St.,Big 12,2020-21,AL,True,15,15,15,0,0,0,1,0,0,11.16,4,South,29.0,14.0,0.7142857142857143,30.0,29.0,1.0,0.0,1.0,6.0,10.0,0.36363636363636365,3.0,22.0,220.49285714285713,18.5,-15.0,4-Seeds (13-16)
2020-21-SouthernCalifornia,Southern California,Pac-12,2020-21,AL,True,21,21,21,0,0,0,1,0,0,19.44,6,East,19.0,75.0,0.7586206896551724,47.0,19.0,1.0,0.0,1.0,4.0,3.0,0.5333333333333333,0.0,22.0,205.1862068965517,25.666666666666668,56.0,Mid-Range (17-34)
2020-21-TexasTech,Texas Tech,Big 12,2020-21,AL,True,22,22,22,0,0,0,1,0,0,21.88,6,West,16.0,25.0,0.6296296296296297,80.0,16.0,1.0,0.0,1.0,10.0,4.0,0.6896551724137931,0.0,44.0,229.54629629629628,18.5,9.0,Mid-Range (17-34)
2020-21-Wisconsin,Wisconsin,Big Ten,2020-21,AL,True,35,35,35,0,0,0,1,0,0,28.360000000000003,9,South,27.0,8.0,0.5862068965517241,15.0,27.0,1.0,0.0,1.0,10.0,5.0,0.6451612903225806,0.0,44.0,229.31206896551723,24.142857142857142,-19.0,Upper-Mid (35-44)
2020-21-Syracuse,Syracuse,ACC,2020-21,AL,True,41,41,41,0,0,0,1,0,0,40.92,11,East,40.0,64.0,0.64,42.0,40.0,1.0,0.0,1.0,7.0,1.0,0.8235294117647058,6.0,18.0,205.4,27.761904761904763,24.0,Upper-Mid (35-44)
2020-21-UCLA,UCLA,Pac-12,2020-21,AL,True,44,44,44,0,0,0,1,0,0,41.72,11,Midwest,46.0,65.0,0.6538461538461539,52.0,43.0,1.0,0.0,1.0,6.0,2.0,0.7058823529411765,0.0,30.0,201.18846153846152,25.666666666666668,19.0,Upper-Mid (35-44)
2020-21-Winthrop,Winthrop,Big South,2020-21,AQ,True,49,49,49,0,0,0,1,0,0,56.480000000000004,13,East,55.0,342.0,0.9583333333333334,325.0,47.0,0.0,1.0,0.0,0.0,0.0,0.0,1.0,0.0,119.83333333333331,56.2,287.0,Mid-Bottom (45-52)
2020-21-UCSantaBarbara,UC Santa Barbara,Big West,2020-21,AQ,True,50,51,50,1,0,1,0,0,1,49.72,13,West,54.0,229.0,0.8333333333333334,204.0,46.0,0.0,1.0,0.0,0.0,0.0,0.0,0.0,8.0,147.18333333333334,54.8,175.0,Mid-Bottom (45-52)
2020-21-Ohio,Ohio,MAC,2020-21,AQ,True,51,50,51,-1,0,1,0,0,1,53.64000000000001,13,South,87.0,144.0,0.6818181818181818,146.0,55.0,0.0,1.0,0.0,0.0,2.0,0.0,4.0,-4.0,155.36818181818182,53.0,57.0,Mid-Bottom (45-52)
2020-21-Liberty,Liberty,ASUN,2020-21,AQ,True,53,53,55,0,2,0,1,1,0,56.0,14,East,86.0,284.0,0.7916666666666666,332.0,54.0,0.0,1.0,0.0,0.0,2.0,0.0,4.0,-10.0,121.81666666666666,57.6,198.0,Bottom (53-60)
2020-21-UNCGreensboro,UNC Greensboro,SoCon,2020-21,AQ,True,54,54,54,0,0,0,1,0,0,53.64000000000001,14,West,84.0,194.0,0.7241379310344828,155.0,53.0,0.0,1.0,0.0,0.0,1.0,0.0,17.0,-48.0,144.34137931034482,54.2,110.0,Bottom (53-60)
2020-21-AbileneChristian,Abilene Christian,Southland,2020-21,AQ,True,55,55,53,0,-2,0,1,1,0,52.800000000000004,14,South,74.0,268.0,0.8260869565217391,335.0,52.0,0.0,1.0,0.0,0.0,2.0,0.0,5.0,-12.0,130.3608695652174,57.2,194.0,Bottom (53-60)
2020-21-GrandCanyon,Grand Canyon,WAC,2020-21,AQ,True,59,59,59,0,0,0,1,0,0,57.36000000000001,15,South,107.0,291.0,0.7,252.0,57.0,0.0,1.0,0.0,0.0,1.0,0.0,14.0,-52.0,111.7,53.4,184.0,Bottom (53-60)
2020-21-Drexel,Drexel,CAA,2020-21,AQ,True,63,63,63,0,0,0,1,0,0,64.2,16,South,135.0,283.0,0.3684210526315789,229.0,60.0,0.0,1.0,0.0,0.0,0.0,0.0,12.0,-38.0,100.6842105263158,56.0,148.0,Tail (61-68)
2020-21-MountSt.Mary's,Mount St. Mary's,NEC,2020-21,AQ,True,65,65,65,0,0,0,1,0,0,65.92,17,East,159.0,223.0,0.45454545454545453,219.0,63.0,0.0,1.0,0.0,0.0,2.0,0.0,11.0,-36.0,108.04545454545455,67.0,64.0,Tail (61-68)
2021-22-Arizona,Arizona,Pac-12,2021-22,AQ,True,2,2,2,0,0,0,1,0,0,4.5600000000000005,1,West,2.0,63.0,0.9117647058823529,68.0,2.0,1.0,1.0,0.0,3.0,6.0,0.3157894736842105,0.0,30.0,213.66764705882352,24.5,61.0,1-Seeds (1-4)
2021-22-TexasTech,Texas Tech,Big 12,2021-22,AL,True,12,12,12,0,0,0,1,0,0,9.800000000000002,3,Midwest,9.0,12.0,0.7352941176470589,44.0,9.0,1.0,0.0,1.0,9.0,8.0,0.5142857142857142,0.0,50.0,234.20294117647057,18.5,3.0,3-Seeds (9-12)
2021-22-Iowa,Iowa,Big Ten,2021-22,AQ,True,20,20,20,0,0,0,1,0,0,17.8,5,Midwest,14.0,45.0,0.7428571428571429,44.0,14.0,1.0,1.0,0.0,6.0,4.0,0.5714285714285714,0.0,30.0,218.2785714285714,11.2,31.0,Mid-Range (17-34)
2021-22-Illinois,Illinois,Big Ten,2021-22,AL,True,14,14,14,0,0,0,1,0,0,16.0,4,West,15.0,21.0,0.7096774193548387,15.0,15.0,1.0,0.0,1.0,6.0,6.0,0.48,0.0,30.0,223.59677419354838,24.142857142857142,6.0,4-Seeds (13-16)
2021-22-MurraySt.,Murray St.,OVC,2021-22,AQ,True,26,25,40,-1,14,1,0,1,0,45.36,7,West,21.0,220.0,0.9310344827586207,220.0,21.0,0.0,1.0,0.0,1.0,2.0,0.2857142857142857,5.0,0.0,163.96034482758623,54.0,199.0,Mid-Range (17-34)
2021-22-SanFrancisco,San Francisco,WCC,2021-22,AL,True,37,37,37,0,0,0,1,0,0,30.839999999999996,10,East,22.0,66.0,0.71875,85.0,22.0,1.0,0.0,1.0,6.0,4.0,0.5714285714285714,9.0,-8.0,209.98749999999998,24.333333333333332,44.0,Upper-Mid (35-44)
2021-22-SouthernCalifornia,Southern California,Pac-12,2021-22,AL,True,25,26,26,1,1,1,0,0,0,26.08,7,East,35.0,80.0,0.7878787878787878,87.0,35.0,1.0,0.0,1.0,4.0,4.0,0.47058823529411764,11.0,-4.0,198.62878787878788,25.666666666666668,45.0,Mid-Range (17-34)
2021-22-Davidson,Davidson,Atlantic 10,2021-22,AL,True,40,40,41,0,1,0,1,1,0,40.68,10,Midwest,41.0,133.0,0.8125,121.0,39.0,0.0,0.0,1.0,2.0,2.0,0.4444444444444444,9.0,-4.0,179.22499999999997,35.666666666666664,92.0,Upper-Mid (35-44)
2021-22-TCU,TCU,Big 12,2021-22,AL,True,34,34,30,0,-4,0,1,1,0,30.0,9,West,44.0,10.0,0.625,26.0,41.0,1.0,0.0,1.0,8.0,8.0,0.48484848484848486,0.0,40.0,219.45,18.5,-34.0,Mid-Range (17-34)
2021-22-IowaSt.,Iowa St.,Big 12,2021-22,AL,True,41,41,33,0,-8,0,1,1,0,33.080000000000005,11,East,49.0,11.0,0.625,36.0,43.0,1.0,0.0,1.0,8.0,9.0,0.45714285714285713,0.0,40.0,217.35,18.5,-38.0,Upper-Mid (35-44)
2021-22-Wyoming,Wyoming,Mountain West,2021-22,AL,True,43,43,43,0,0,0,1,0,0,42.800000000000004,11,South,50.0,90.0,0.75,97.0,44.0,1.0,0.0,1.0,5.0,4.0,0.5263157894736842,3.0,16.0,192.5,36.733333333333334,40.0,Upper-Mid (35-44)
2021-22-NotreDame,Notre Dame,ACC,2021-22,AL,True,47,47,47,0,0,0,1,0,0,45.64000000000001,12,South,53.0,69.0,0.6774193548387096,80.0,46.0,1.0,0.0,1.0,8.0,2.0,0.7619047619047619,11.0,12.0,201.9741935483871,27.761904761904763,16.0,Mid-Bottom (45-52)
2021-22-Creighton,Creighton,Big East,2021-22,AL,True,33,33,34,0,1,0,1,1,0,33.72,9,East,55.0,34.0,0.6666666666666666,26.0,47.0,1.0,0.0,1.0,6.0,7.0,0.4444444444444444,6.0,20.0,205.91666666666666,23.944444444444443,-21.0,Mid-Range (17-34)
2021-22-Chattanooga,Chattanooga,SoCon,2021-22,AQ,True,51,51,51,0,0,0,1,0,0,50.56,13,South,63.0,180.0,0.78125,135.0,49.0,0.0,1.0,0.0,2.0,1.0,0.5714285714285714,21.0,-48.0,159.86249999999998,54.2,117.0,Mid-Bottom (45-52)
2021-22-SouthDakotaSt.,South Dakota St.,Summit League,2021-22,AQ,True,52,52,49,0,-3,0,1,1,0,49.16,13,Midwest,65.0,255.0,0.875,232.0,50.0,0.0,1.0,0.0,0.0,2.0,0.0,2.0,-2.0,137.25,56.6,190.0,Mid-Bottom (45-52)
2021-22-Richmond,Richmond,Atlantic 10,2021-22,AQ,True,49,49,52,0,3,0,1,1,0,51.84,13,East,81.0,108.0,0.6571428571428571,89.0,53.0,0.0,1.0,0.0,2.0,1.0,0.5714285714285714,6.0,2.0,170.32142857142856,45.4,27.0,Mid-Bottom (45-52)
2021-22-WrightSt.,Wright St.,Horizon,2021-22,AQ,True,65,65,65,0,0,0,1,0,0,67.0,17,East,191.0,342.0,0.6060606060606061,306.0,65.0,0.0,1.0,0.0,0.0,1.0,0.0,12.0,-38.0,68.71060606060605,60.4,151.0,Tail (61-68)
2022-23-Alabama,Alabama,SEC,2022-23,AQ,True,1,1,1,0,0,0,1,0,0,1.9200000000000002,1,East,2.0,10.0,0.8529411764705882,6.0,2.0,1.0,1.0,0.0,13.0,5.0,0.7027027027027027,0.0,64.0,246.32941176470587,7.0,8.0,1-Seeds (1-4)
2022-23-Kansas,Kansas,Big 12,2022-23,AL,True,3,3,3,0,0,0,1,0,0,5.000000000000001,1,South,9.0,1.0,0.7941176470588235,1.0,9.0,1.0,0.0,1.0,17.0,7.0,0.6938775510204082,0.0,76.0,253.54117647058823,18.5,-8.0,1-Seeds (1-4)
2022-23-SanDiegoSt.,San Diego St.,Mountain West,2022-23,AQ,True,17,17,20,0,3,0,1,1,0,19.76,5,East,14.0,48.0,0.8125,11.0,14.0,1.0,1.0,0.0,5.0,5.0,0.47619047619047616,0.0,22.0,216.225,32.0,34.0,Mid-Range (17-34)
2022-23-Baylor,Baylor,Big 12,2022-23,AL,True,9,9,9,0,0,0,1,0,0,8.64,3,East,15.0,2.0,0.6875,5.0,15.0,1.0,0.0,1.0,10.0,11.0,0.46511627906976744,0.0,48.0,236.125,18.5,-13.0,3-Seeds (9-12)
2022-23-Arkansas,Arkansas,SEC,2022-23,AL,True,30,30,30,0,0,0,1,0,0,30.0,8,West,21.0,17.0,0.6060606060606061,9.0,21.0,1.0,0.0,1.0,10.0,4.0,0.6896551724137931,10.0,24.0,229.46060606060607,22.54054054054054,-4.0,Mid-Range (17-34)
2022-23-Xavier,Xavier,Big East,2022-23,AL,True,12,12,12,0,0,0,1,0,0,13.36,3,Midwest,22.0,31.0,0.7352941176470589,28.0,22.0,1.0,0.0,1.0,6.0,9.0,0.3870967741935484,4.0,20.0,218.90294117647056,23.944444444444443,9.0,3-Seeds (9-12)
2022-23-Miami(FL),Miami (FL),ACC,2022-23,AL,True,20,20,17,0,-3,0,1,1,0,24.200000000000003,5,Midwest,35.0,81.0,0.78125,86.0,35.0,1.0,0.0,1.0,5.0,5.0,0.47619047619047616,14.0,-10.0,200.3125,27.761904761904763,46.0,Mid-Range (17-34)
2022-23-Northwestern,Northwestern,Big Ten,2022-23,AL,True,28,28,28,0,0,0,1,0,0,30.56,7,Midwest,41.0,37.0,0.65625,29.0,39.0,1.0,0.0,1.0,6.0,7.0,0.4444444444444444,0.0,34.0,209.96249999999998,24.142857142857142,-4.0,Mid-Range (17-34)
2022-23-MississippiSt.,Mississippi St.,SEC,2022-23,AL,True,43,43,43,0,0,0,1,0,0,40.64000000000001,11,South,49.0,38.0,0.6363636363636364,71.0,43.0,1.0,0.0,1.0,8.0,4.0,0.64,5.0,28.0,210.61363636363637,22.54054054054054,-11.0,Upper-Mid (35-44)
2022-23-SouthernCalifornia,Southern California,Pac-12,2022-23,AL,True,39,39,39,0,0,0,1,0,0,40.36,10,South,50.0,63.0,0.6875,59.0,44.0,1.0,0.0,1.0,6.0,3.0,0.631578947368421,12.0,-8.0,200.625,25.666666666666668,13.0,Upper-Mid (35-44)
2022-23-Col.ofCharleston,Col. of Charleston,CAA,2022-23,AQ,True,47,47,51,0,4,0,1,1,0,50.92,12,South,51.0,333.0,0.9090909090909091,272.0,45.0,0.0,1.0,0.0,0.0,1.0,0.0,12.0,-20.0,122.99090909090908,56.0,282.0,Mid-Bottom (45-52)
2022-23-VCU,VCU,Atlantic 10,2022-23,AQ,True,50,50,47,0,-3,0,1,1,0,46.0,13,West,53.0,159.0,0.7941176470588235,118.0,46.0,0.0,1.0,0.0,0.0,1.0,0.0,22.0,-58.0,165.14117647058822,45.4,106.0,Mid-Bottom (45-52)
2022-23-Drake,Drake,MVC,2022-23,AQ,True,49,49,50,0,1,0,1,1,0,49.92,13,East,55.0,204.0,0.7878787878787878,162.0,47.0,0.0,1.0,0.0,1.0,1.0,0.4,10.0,-10.0,154.52878787878788,40.4,149.0,Mid-Bottom (45-52)
2022-23-KentSt.,Kent St.,MAC,2022-23,AQ,True,51,51,49,0,-2,0,1,1,0,49.16,13,South,59.0,156.0,0.8125,187.0,50.0,0.0,1.0,0.0,0.0,3.0,0.0,12.0,-24.0,163.275,53.0,97.0,Mid-Bottom (45-52)
2022-23-Furman,Furman,SoCon,2022-23,AQ,True,53,53,54,0,1,0,1,1,0,54.64000000000001,14,East,88.0,303.0,0.7741935483870968,256.0,53.0,0.0,1.0,0.0,0.0,2.0,0.0,11.0,-24.0,116.19193548387096,54.2,215.0,Bottom (53-60)
2022-23-Louisiana,Louisiana,Sun Belt,2022-23,AQ,True,54,54,53,0,-1,0,1,1,0,52.080000000000005,14,West,89.0,171.0,0.7666666666666667,167.0,54.0,0.0,1.0,0.0,0.0,2.0,0.0,22.0,-62.0,148.76666666666665,57.8,82.0,Bottom (53-60)
2022-23-UCSantaBarbara,UC Santa Barbara,Big West,2022-23,AQ,True,56,56,56,0,0,0,1,0,0,56.2,14,Midwest,100.0,297.0,0.78125,223.0,55.0,0.0,1.0,0.0,0.0,0.0,0.0,10.0,-20.0,113.5625,54.8,197.0,Bottom (53-60)
2022-23-MontanaSt.,Montana St.,Big Sky,2022-23,AQ,True,58,58,58,0,0,0,1,0,0,59.92,15,West,103.0,240.0,0.71875,204.0,57.0,0.0,1.0,0.0,0.0,2.0,0.0,7.0,-14.0,126.13749999999999,59.4,137.0,Bottom (53-60)
2022-23-A&M-CorpusChristi,A&M-Corpus Christi,Southland,2022-23,AQ,True,65,65,65,0,0,0,1,0,0,64.0,17,East,175.0,331.0,0.6551724137931034,353.0,64.0,0.0,1.0,0.0,0.0,3.0,0.0,7.0,-26.0,77.45172413793104,57.2,156.0,Tail (61-68)
2022-23-SoutheastMo.St.,Southeast Mo. St.,OVC,2022-23,AQ,True,67,67,66,0,-1,0,1,1,0,66.0,17,South,242.0,332.0,0.5151515151515151,328.0,66.0,0.0,1.0,0.0,0.0,3.0,0.0,11.0,-40.0,52.451515151515146,54.0,90.0,Tail (61-68)
2022-23-TexasSouthern,Texas Southern,SWAC,2022-23,AQ,True,66,66,67,0,1,0,1,1,0,67.0,17,West,294.0,184.0,0.625,293.0,67.0,0.0,1.0,0.0,0.0,4.0,0.0,11.0,-36.0,72.14999999999999,66.4,-110.0,Tail (61-68)
2023-24-Uconn,Uconn,Big East,2023-24,AQ,True,1,1,1,0,0,0,1,0,0,3.0,1,East,2.0,24.0,0.9117647058823529,77.0,2.0,1.0,1.0,0.0,13.0,3.0,0.7878787878787878,0.0,68.0,243.41764705882352,14.2,22.0,1-Seeds (1-4)
2023-24-Alabama,Alabama,SEC,2023-24,AL,True,16,16,16,0,0,0,1,0,0,14.560000000000002,4,Midwest,9.0,4.0,0.65625,3.0,9.0,1.0,0.0,1.0,10.0,4.0,0.6896551724137931,0.0,42.0,237.4125,22.54054054054054,-5.0,4-Seeds (13-16)
2023-24-Marquette,Marquette,Big East,2023-24,AL,True,7,7,7,0,0,0,1,0,0,8.56,2,South,14.0,7.0,0.7352941176470589,13.0,14.0,1.0,0.0,1.0,8.0,9.0,0.45714285714285713,0.0,34.0,231.60294117647058,23.944444444444443,-7.0,2-Seeds (5-8)
2023-24-Baylor,Baylor,Big 12,2023-24,AL,True,9,9,9,0,0,0,1,0,0,9.56,3,East,15.0,1.0,0.6875,6.0,15.0,1.0,0.0,1.0,9.0,10.0,0.46153846153846156,0.0,38.0,234.275,18.5,-14.0,3-Seeds (9-12)
2023-24-Wisconsin,Wisconsin,Big Ten,2023-24,AL,True,19,19,19,0,0,0,1,0,0,19.560000000000002,5,South,21.0,3.0,0.6285714285714286,5.0,21.0,1.0,0.0,1.0,9.0,5.0,0.6206896551724138,0.0,44.0,230.88571428571427,24.142857142857142,-18.0,Mid-Range (17-34)
2023-24-NewMexico,New Mexico,Mountain West,2023-24,AQ,True,42,42,36,0,-6,0,1,1,0,36.160000000000004,11,West,22.0,82.0,0.7352941176470589,85.0,22.0,1.0,1.0,0.0,6.0,5.0,0.5217391304347826,17.0,-28.0,206.15294117647056,32.0,60.0,Upper-Mid (35-44)
2023-24-Clemson,Clemson,ACC,2023-24,AL,True,22,24,26,2,4,2,0,1,0,30.6,6,West,35.0,52.0,0.65625,23.0,33.0,1.0,0.0,1.0,5.0,5.0,0.47619047619047616,6.0,18.0,206.3125,27.761904761904763,17.0,Mid-Range (17-34)
2023-24-WashingtonSt.,Washington St.,Pac-12,2023-24,AL,True,26,26,24,0,-2,0,1,1,0,31.6,7,West,44.0,87.0,0.7272727272727273,83.0,38.0,1.0,0.0,1.0,4.0,6.0,0.38095238095238093,7.0,10.0,193.12272727272727,25.666666666666668,43.0,Mid-Range (17-34)
2023-24-GrandCanyon,Grand Canyon,WAC,2023-24,AQ,True,47,47,47,0,0,0,1,0,0,46.0,12,South,50.0,259.0,0.875,181.0,41.0,0.0,1.0,0.0,1.0,0.0,0.6666666666666666,11.0,-14.0,143.5,53.4,209.0,Mid-Bottom (45-52)
2023-24-SouthCarolina,South Carolina,SEC,2023-24,AL,True,24,22,22,-2,-2,2,0,0,0,20.84,6,Midwest,51.0,69.0,0.7878787878787878,87.0,42.0,1.0,0.0,1.0,5.0,6.0,0.43478260869565216,6.0,18.0,197.77878787878785,22.54054054054054,18.0,Mid-Range (17-34)
2023-24-Northwestern,Northwestern,Big Ten,2023-24,AL,True,36,36,42,0,6,0,1,1,0,41.92,9,Midwest,53.0,47.0,0.65625,74.0,44.0,1.0,0.0,1.0,7.0,4.0,0.6086956521739131,7.0,6.0,205.2625,24.142857142857142,-6.0,Upper-Mid (35-44)
2023-24-Virginia,Virginia,ACC,2023-24,AL,True,41,41,41,0,0,0,1,0,0,41.64,11,East,54.0,80.0,0.696969696969697,75.0,45.0,1.0,0.0,1.0,7.0,2.0,0.7368421052631579,0.0,34.0,197.06969696969696,27.761904761904763,26.0,Upper-Mid (35-44)
2023-24-Oregon,Oregon,Pac-12,2023-24,AQ,True,43,43,43,0,0,0,1,0,0,43.92,11,South,59.0,72.0,0.6764705882352942,36.0,47.0,1.0,1.0,0.0,6.0,4.0,0.5714285714285714,8.0,16.0,195.11470588235295,24.5,13.0,Upper-Mid (35-44)
2023-24-NCState,NC State,ACC,2023-24,AQ,True,45,45,45,0,0,0,1,0,0,45.00000000000001,12,East,63.0,48.0,0.6111111111111112,59.0,48.0,1.0,1.0,0.0,8.0,3.0,0.6956521739130435,4.0,34.0,203.0611111111111,29.0,-15.0,Mid-Bottom (45-52)
2023-24-MoreheadSt.,Morehead St.,OVC,2023-24,AQ,True,57,57,57,0,0,0,1,0,0,55.36,15,East,106.0,267.0,0.7333333333333333,320.0,55.0,0.0,1.0,0.0,0.0,2.0,0.0,5.0,-14.0,118.48333333333332,54.0,161.0,Bottom (53-60)
2023-24-SouthDakotaSt.,South Dakota St.,Summit League,2023-24,AQ,True,61,61,60,0,-1,0,1,1,0,60.0,16,East,135.0,312.0,0.6129032258064516,242.0,59.0,0.0,1.0,0.0,0.0,1.0,0.0,19.0,-62.0,95.87903225806451,56.6,177.0,Tail (61-68)
2023-24-WesternKy.,Western Ky.,CUSA,2023-24,AQ,True,60,60,59,0,-1,0,1,1,0,59.0,15,Midwest,136.0,328.0,0.6333333333333333,252.0,60.0,0.0,1.0,0.0,0.0,0.0,0.0,18.0,-58.0,91.73333333333332,48.6,192.0,Bottom (53-60)
2023-24-Longwood,Longwood,Big South,2023-24,AQ,True,63,63,62,0,-1,0,1,1,0,62.00000000000001,16,South,162.0,302.0,0.5806451612903226,288.0,61.0,0.0,1.0,0.0,0.0,1.0,0.0,10.0,-28.0,88.60645161290323,56.2,140.0,Tail (61-68)
2023-24-LongBeachSt.,Long Beach St.,Big West,2023-24,AQ,True,59,59,61,0,2,0,1,1,0,61.00000000000001,15,South,170.0,225.0,0.5757575757575758,192.0,62.0,0.0,1.0,0.0,0.0,1.0,0.0,16.0,-46.0,105.00757575757576,54.8,55.0,Bottom (53-60)
2023-24-SaintPeter's,Saint Peter's,MAAC,2023-24,AQ,True,62,62,63,0,1,0,1,1,0,64.0,16,West,188.0,318.0,0.5806451612903226,276.0,63.0,0.0,1.0,0.0,0.0,1.0,0.0,7.0,-22.0,75.60645161290321,60.4,130.0,Tail (61-68)
2023-24-MontanaSt.,Montana St.,Big Sky,2023-24,AQ,True,65,65,65,0,0,0,1,0,0,65.64,17,East,208.0,307.0,0.4838709677419355,249.0,64.0,0.0,1.0,0.0,0.0,1.0,0.0,14.0,-44.0,70.28870967741935,59.4,99.0,Tail (61-68)
2024-25-Auburn,Auburn,SEC,2024-25,AL,True,1,1,1,0,0,0,1,0,0,2.4800000000000004,1,East,2.0,2.0,0.8484848484848485,2.0,2.0,1.0,0.0,1.0,16.0,5.0,0.7441860465116279,0.0,76.0,254.28484848484848,22.54054054054054,0.0,1-Seeds (1-4)
2024-25-IowaSt.,Iowa St.,Big 12,2024-25,AL,True,10,10,10,0,0,0,1,0,0,10.64,3,West,9.0,36.0,0.7272727272727273,30.0,9.0,1.0,0.0,1.0,7.0,10.0,0.4,0.0,32.0,224.12272727272727,18.5,27.0,3-Seeds (9-12)
2024-25-Kentucky,Kentucky,SEC,2024-25,AL,True,11,12,12,1,1,1,0,0,0,16.0,3,South,14.0,3.0,0.6666666666666666,7.0,14.0,1.0,0.0,1.0,10.0,11.0,0.46511627906976744,0.0,42.0,236.11666666666665,22.54054054054054,-11.0,3-Seeds (9-12)
2024-25-Wisconsin,Wisconsin,Big Ten,2024-25,AL,True,12,11,11,-1,-1,1,0,0,0,10.920000000000002,3,Midwest,15.0,28.0,0.7428571428571429,20.0,15.0,1.0,0.0,1.0,8.0,8.0,0.48484848484848486,0.0,34.0,226.07857142857142,24.142857142857142,13.0,3-Seeds (9-12)
2024-25-SaintMary's(CA),Saint Mary's (CA),WCC,2024-25,AL,True,27,27,20,0,-7,0,1,1,0,23.72,7,South,21.0,91.0,0.84375,77.0,21.0,1.0,0.0,1.0,3.0,4.0,0.4,0.0,16.0,199.3375,24.333333333333332,70.0,Mid-Range (17-34)
2024-25-Clemson,Clemson,ACC,2024-25,AL,True,18,18,18,0,0,0,1,0,0,16.96,5,West,22.0,76.0,0.8181818181818182,63.0,22.0,1.0,0.0,1.0,3.0,5.0,0.35294117647058826,8.0,0.0,202.48181818181817,27.761904761904763,54.0,Mid-Range (17-34)
2024-25-UCSanDiego,UC San Diego,Big West,2024-25,AQ,True,47,47,47,0,0,0,1,0,0,47.72,12,South,35.0,197.0,0.875,180.0,35.0,0.0,1.0,0.0,1.0,2.0,0.2857142857142857,9.0,-12.0,164.25,54.8,162.0,Mid-Bottom (45-52)
2024-25-Memphis,Memphis,The American,2024-25,AQ,True,20,20,27,0,7,0,1,1,0,32.28,5,Midwest,49.0,92.0,0.8529411764705882,71.0,46.0,0.0,1.0,0.0,1.0,6.0,0.13333333333333333,11.0,-14.0,185.47941176470587,25.0,43.0,Mid-Range (17-34)
2024-25-Yale,Yale,Ivy League,2024-25,AQ,True,51,51,51,0,0,0,1,0,0,52.28,13,South,72.0,258.0,0.75,203.0,51.0,0.0,1.0,0.0,0.0,1.0,0.0,8.0,-18.0,132.8,55.0,186.0,Mid-Bottom (45-52)
2024-25-GrandCanyon,Grand Canyon,WAC,2024-25,AQ,True,54,54,54,0,0,0,1,0,0,53.56,14,West,92.0,293.0,0.78125,211.0,55.0,0.0,1.0,0.0,0.0,1.0,0.0,10.0,-16.0,117.3625,53.4,201.0,Bottom (53-60)
2024-25-Wofford,Wofford,SoCon,2024-25,AQ,True,60,60,60,0,0,0,1,0,0,60.92,15,Midwest,131.0,185.0,0.53125,166.0,58.0,0.0,1.0,0.0,0.0,1.0,0.0,15.0,-40.0,128.2125,54.2,54.0,Bottom (53-60)
2024-25-RobertMorris,Robert Morris,Horizon,2024-25,AQ,True,59,59,59,0,0,0,1,0,0,59.36,15,South,139.0,336.0,0.7575757575757576,290.0,59.0,0.0,1.0,0.0,0.0,1.0,0.0,12.0,-26.0,89.92575757575757,60.4,197.0,Bottom (53-60)
2024-25-MountSt.Mary's,Mount St. Mary's,MAAC,2024-25,AQ,True,66,66,66,0,0,0,1,0,0,66.0,17,West,236.0,320.0,0.6363636363636364,327.0,66.0,0.0,1.0,0.0,0.0,2.0,0.0,12.0,-40.0,58.763636363636365,60.4,84.0,Tail (61-68)
2024-25-AlabamaSt.,Alabama St.,SWAC,2024-25,AQ,True,67,67,67,0,0,0,1,0,0,67.0,17,South,274.0,262.0,0.5454545454545454,337.0,67.0,0.0,1.0,0.0,0.0,3.0,0.0,11.0,-38.0,59.05454545454545,66.4,-12.0,Tail (61-68)
